Hips,Spine1,Head,LeftUpperArm,LeftForeArm,LeftHand,LeftShoulder,RightUpperArm,RightForeArm,RightHand,RightShoulder,LeftUpLeg,LeftLeg,LeftFoot,RightUpLeg,RightLeg,RightFoot
"(-0.00714, 0.06298, -0.00600, 0.99543)","(-0.05130, 0.00711, -0.07086, 0.99360)","(-0.32708, 0.05195, -0.01149, 0.94350)","(-0.12377, 0.65343, -0.29108, 0.68266)","(0.29157, -0.76695, 0.30598, -0.47639)","(0.54831, -0.78230, -0.20295, -0.20017)","(0.00000, 0.04395, 0.00000, 0.99903)","(0.01535, -0.62482, -0.32643, 0.70432)","(-0.40894, -0.83362, -0.10497, 0.34794)","(-0.44939, -0.75521, -0.43017, 0.19065)","(0.00000, 0.04395, 0.00000, 0.99903)","(-0.00657, 0.05330, -0.03653, 0.99535)","(0.00479, 0.09851, -0.04323, 0.99163)","(0.00434, 0.10203, -0.03034, 0.99176)","(0.00970, 0.06128, 0.01399, 0.99544)","(-0.00541, 0.03480, 0.01335, 0.99676)","(0.00751, -0.00507, -0.03131, 0.99694)",
"(-0.00667, 0.06327, -0.00563, 0.99542)","(-0.05065, 0.00673, -0.07037, 0.99367)","(-0.32765, 0.05437, -0.01099, 0.94317)","(-0.12344, 0.65331, -0.29056, 0.68305)","(0.29115, -0.76649, 0.30635, -0.47713)","(0.54909, -0.78191, -0.20402, -0.19843)","(0.00000, 0.04395, 0.00000, 0.99903)","(0.01612, -0.62514, -0.32586, 0.70428)","(-0.40849, -0.83399, -0.10427, 0.34778)","(-0.44942, -0.75485, -0.42932, 0.19391)","(0.00000, 0.04395, 0.00000, 0.99903)","(-0.00693, 0.05392, -0.03601, 0.99533)","(0.00448, 0.09916, -0.04324, 0.99157)","(0.00411, 0.10219, -0.03038, 0.99174)","(0.00931, 0.06114, 0.01405, 0.99545)","(-0.00569, 0.03464, 0.01387, 0.99676)","(0.00745, -0.00518, -0.03146, 0.99693)",
"(-0.00624, 0.06332, -0.00528, 0.99542)","(-0.04998, 0.00627, -0.07005, 0.99373)","(-0.32857, 0.05478, -0.01006, 0.94284)","(-0.12356, 0.65306, -0.29059, 0.68327)","(0.29093, -0.76628, 0.30647, -0.47753)","(0.54906, -0.78185, -0.20434, -0.19847)","(0.00000, 0.04395, 0.00000, 0.99903)","(0.01598, -0.62515, -0.32606, 0.70418)","(-0.40811, -0.83430, -0.10432, 0.34747)","(-0.44932, -0.75452, -0.42936, 0.19536)","(0.00000, 0.04395, 0.00000, 0.99903)","(-0.00721, 0.05466, -0.03544, 0.99531)","(0.00428, 0.09985, -0.04333, 0.99150)","(0.00393, 0.10229, -0.03045, 0.99173)","(0.00891, 0.06061, 0.01411, 0.99549)","(-0.00590, 0.03423, 0.01439, 0.99676)","(0.00736, -0.00524, -0.03161, 0.99693)",
"(-0.00584, 0.06343, -0.00506, 0.99542)","(-0.04937, 0.00591, -0.06985, 0.99377)","(-0.32814, 0.05528, -0.00984, 0.94296)","(-0.12188, 0.65208, -0.29189, 0.68395)","(0.29038, -0.76579, 0.30731, -0.47810)","(0.54890, -0.78195, -0.20512, -0.19771)","(0.00000, 0.04395, 0.00000, 0.99903)","(0.01693, -0.62571, -0.32516, 0.70408)","(-0.40736, -0.83488, -0.10421, 0.34700)","(-0.44937, -0.75367, -0.42908, 0.19907)","(0.00000, 0.04395, 0.00000, 0.99903)","(-0.00780, 0.05525, -0.03468, 0.99530)","(0.00411, 0.10061, -0.04412, 0.99138)","(0.00365, 0.10248, -0.03051, 0.99171)","(0.00847, 0.05981, 0.01398, 0.99554)","(-0.00597, 0.03349, 0.01508, 0.99678)","(0.00709, -0.00531, -0.03181, 0.99692)",
"(-0.00496, 0.06351, -0.00460, 0.99542)","(-0.04871, 0.00574, -0.06978, 0.99381)","(-0.32892, 0.05588, -0.00901, 0.94266)","(-0.12047, 0.65146, -0.29265, 0.68447)","(0.28970, -0.76546, 0.30801, -0.47860)","(0.54884, -0.78180, -0.20627, -0.19727)","(0.00000, 0.04395, 0.00000, 0.99903)","(0.01823, -0.62673, -0.32358, 0.70386)","(-0.40614, -0.83587, -0.10316, 0.34635)","(-0.44968, -0.75266, -0.42861, 0.20314)","(0.00000, 0.04395, 0.00000, 0.99903)","(-0.00893, 0.05655, -0.03339, 0.99526)","(0.00395, 0.10148, -0.04522, 0.99125)","(0.00327, 0.10273, -0.03064, 0.99168)","(0.00806, 0.05919, 0.01388, 0.99558)","(-0.00597, 0.03258, 0.01608, 0.99679)","(0.00661, -0.00546, -0.03213, 0.99692)",
"(-0.00211, 0.06334, -0.00468, 0.99544)","(-0.04707, 0.00460, -0.06935, 0.99393)","(-0.32882, 0.05379, -0.01045, 0.94280)","(-0.12092, 0.65140, -0.29203, 0.68472)","(0.28983, -0.76497, 0.30819, -0.47918)","(0.54867, -0.78172, -0.20678, -0.19750)","(0.00000, 0.04395, 0.00000, 0.99903)","(0.01960, -0.62784, -0.32207, 0.70353)","(-0.40481, -0.83725, -0.10210, 0.34491)","(-0.44896, -0.75183, -0.42912, 0.20667)","(0.00000, 0.04395, 0.00000, 0.99903)","(-0.01030, 0.05868, -0.03108, 0.99520)","(0.00435, 0.10363, -0.04723, 0.99093)","(0.00280, 0.10320, -0.03084, 0.99163)","(0.00745, 0.05837, 0.01408, 0.99563)","(-0.00588, 0.03068, 0.01786, 0.99682)","(0.00572, -0.00573, -0.03292, 0.99689)",
"(-0.00084, 0.06398, -0.00503, 0.99540)","(-0.04569, 0.00365, -0.06924, 0.99400)","(-0.33769, 0.06086, -0.01637, 0.93914)","(-0.12006, 0.65060, -0.29255, 0.68542)","(0.28941, -0.76402, 0.30914, -0.48033)","(0.54864, -0.78165, -0.20713, -0.19749)","(0.00000, 0.04395, 0.00000, 0.99903)","(0.02053, -0.62903, -0.32052, 0.70314)","(-0.40362, -0.83859, -0.10163, 0.34319)","(-0.44774, -0.75003, -0.43012, 0.21362)","(0.00000, 0.04395, 0.00000, 0.99903)","(-0.01072, 0.05971, -0.03076, 0.99515)","(0.00457, 0.10517, -0.04809, 0.99072)","(0.00264, 0.10356, -0.03082, 0.99159)","(0.00705, 0.05836, 0.01418, 0.99563)","(-0.00589, 0.02983, 0.01867, 0.99683)","(0.00534, -0.00586, -0.03327, 0.99688)",
"(0.00098, 0.06425, -0.00531, 0.99538)","(-0.04384, 0.00271, -0.06946, 0.99407)","(-0.32796, 0.05670, -0.01179, 0.94291)","(-0.11838, 0.64952, -0.29353, 0.68631)","(0.28795, -0.76337, 0.31039, -0.48143)","(0.54871, -0.78125, -0.20802, -0.19793)","(0.00000, 0.04395, 0.00000, 0.99903)","(0.02215, -0.63099, -0.31808, 0.70245)","(-0.40226, -0.84001, -0.10086, 0.34155)","(-0.44662, -0.74792, -0.43053, 0.22232)","(0.00000, 0.04395, 0.00000, 0.99903)","(-0.01131, 0.06079, -0.03013, 0.99509)","(0.00466, 0.10672, -0.04881, 0.99052)","(0.00249, 0.10388, -0.03084, 0.99155)","(0.00664, 0.05868, 0.01435, 0.99562)","(-0.00611, 0.02943, 0.01964, 0.99682)","(0.00500, -0.00597, -0.03353, 0.99688)",
"(0.00309, 0.06406, -0.00583, 0.99539)","(-0.04159, 0.00173, -0.06969, 0.99416)","(-0.32775, 0.05549, -0.01251, 0.94305)","(-0.11634, 0.64845, -0.29445, 0.68729)","(0.28700, -0.76284, 0.31096, -0.48246)","(0.54884, -0.78076, -0.20796, -0.19955)","(0.00000, 0.04395, 0.00000, 0.99903)","(0.02383, -0.63283, -0.31580, 0.70176)","(-0.40109, -0.84092, -0.10143, 0.34053)","(-0.44476, -0.74642, -0.43125, 0.22955)","(0.00000, 0.04395, 0.00000, 0.99903)","(-0.01172, 0.06143, -0.02910, 0.99508)","(0.00474, 0.10768, -0.04923, 0.99040)","(0.00241, 0.10417, -0.03082, 0.99153)","(0.00623, 0.05841, 0.01457, 0.99563)","(-0.00643, 0.02911, 0.02041, 0.99682)","(0.00484, -0.00608, -0.03367, 0.99687)",
"(0.00516, 0.06396, -0.00640, 0.99538)","(-0.03886, 0.00054, -0.07003, 0.99425)","(-0.32640, 0.05532, -0.01201, 0.94354)","(-0.11417, 0.64750, -0.29492, 0.68835)","(0.28554, -0.76189, 0.31189, -0.48422)","(0.54911, -0.78030, -0.20752, -0.20107)","(0.00000, 0.04395, 0.00000, 0.99903)","(0.02433, -0.63402, -0.31460, 0.70121)","(-0.39966, -0.84155, -0.10256, 0.34031)","(-0.44259, -0.74515, -0.43232, 0.23576)","(0.00000, 0.04395, 0.00000, 0.99903)","(-0.01187, 0.06123, -0.02910, 0.99509)","(0.00466, 0.10827, -0.04906, 0.99034)","(0.00237, 0.10449, -0.03073, 0.99149)","(0.00578, 0.05818, 0.01478, 0.99564)","(-0.00683, 0.02887, 0.02115, 0.99681)","(0.00480, -0.00619, -0.03372, 0.99687)",
"(0.00783, 0.06322, -0.00711, 0.99541)","(-0.03445, -0.00118, -0.07068, 0.99436)","(-0.32831, 0.05424, -0.01403, 0.94291)","(-0.11147, 0.64644, -0.29409, 0.69016)","(0.28397, -0.76120, 0.31099, -0.48679)","(0.54923, -0.78001, -0.20806, -0.20129)","(0.00000, 0.04395, 0.00000, 0.99903)","(0.02607, -0.63561, -0.31240, 0.70067)","(-0.39694, -0.84285, -0.10246, 0.34033)","(-0.44027, -0.74181, -0.43341, 0.24826)","(0.00000, 0.04395, 0.00000, 0.99903)","(-0.01213, 0.06037, -0.02920, 0.99514)","(0.00389, 0.10860, -0.04923, 0.99030)","(0.00222, 0.10492, -0.03070, 0.99145)","(0.00527, 0.05812, 0.01534, 0.99564)","(-0.00730, 0.02842, 0.02208, 0.99679)","(0.00477, -0.00631, -0.03373, 0.99687)",
"(0.00994, 0.06326, -0.00765, 0.99538)","(-0.03073, -0.00220, -0.07137, 0.99443)","(-0.32839, 0.05247, -0.01625, 0.94294)","(-0.10966, 0.64558, -0.29357, 0.69148)","(0.28306, -0.76094, 0.30991, -0.48841)","(0.55058, -0.77755, -0.21000, -0.20506)","(0.00000, 0.04395, 0.00000, 0.99903)","(0.02843, -0.63680, -0.31073, 0.70025)","(-0.39604, -0.84328, -0.10306, 0.34013)","(-0.43880, -0.74063, -0.43488, 0.25176)","(0.00000, 0.04395, 0.00000, 0.99903)","(-0.01235, 0.05977, -0.02923, 0.99517)","(0.00324, 0.10840, -0.04932, 0.99032)","(0.00212, 0.10523, -0.03068, 0.99142)","(0.00522, 0.05793, 0.01590, 0.99564)","(-0.00759, 0.02819, 0.02247, 0.99679)","(0.00475, -0.00636, -0.03363, 0.99687)",
"(0.01059, 0.06394, -0.00839, 0.99532)","(-0.02642, -0.00320, -0.07204, 0.99451)","(-0.32928, 0.05563, -0.01384, 0.94249)","(-0.10758, 0.64484, -0.29280, 0.69284)","(0.28220, -0.76037, 0.30858, -0.49063)","(0.55152, -0.77628, -0.21027, -0.20701)","(0.00000, 0.04395, 0.00000, 0.99903)","(0.02988, -0.63772, -0.30975, 0.69977)","(-0.39513, -0.84347, -0.10546, 0.33998)","(-0.43802, -0.73958, -0.43632, 0.25369)","(0.00000, 0.04395, 0.00000, 0.99903)","(-0.01274, 0.05743, -0.02976, 0.99529)","(0.00193, 0.10782, -0.04947, 0.99038)","(0.00203, 0.10551, -0.03066, 0.99139)","(0.00544, 0.05829, 0.01621, 0.99562)","(-0.00846, 0.02712, 0.02270, 0.99681)","(0.00501, -0.00649, -0.03336, 0.99688)",
"(0.01255, 0.06449, -0.00911, 0.99526)","(-0.02203, -0.00429, -0.07273, 0.99456)","(-0.32782, 0.05493, -0.01715, 0.94298)","(-0.10622, 0.64471, -0.29124, 0.69383)","(0.28116, -0.75991, 0.30670, -0.49310)","(0.55207, -0.77505, -0.21162, -0.20875)","(0.00000, 0.04395, 0.00000, 0.99903)","(0.03164, -0.63821, -0.30917, 0.69951)","(-0.39386, -0.84383, -0.10674, 0.34017)","(-0.43776, -0.73894, -0.43710, 0.25467)","(0.00000, 0.04395, 0.00000, 0.99903)","(-0.01281, 0.05455, -0.03081, 0.99542)","(0.00071, 0.10722, -0.04942, 0.99045)","(0.00201, 0.10579, -0.03068, 0.99136)","(0.00537, 0.05905, 0.01670, 0.99556)","(-0.00958, 0.02644, 0.02253, 0.99682)","(0.00551, -0.00654, -0.03301, 0.99689)",
"(0.01692, 0.06518, -0.01000, 0.99514)","(-0.01426, -0.00542, -0.07396, 0.99460)","(-0.33515, 0.05700, -0.02446, 0.94012)","(-0.10470, 0.64421, -0.28960, 0.69522)","(0.27967, -0.75957, 0.30408, -0.49610)","(0.55314, -0.77290, -0.21362, -0.21181)","(0.00000, 0.04395, 0.00000, 0.99903)","(0.03443, -0.63923, -0.30821, 0.69886)","(-0.39209, -0.84420, -0.10877, 0.34065)","(-0.43681, -0.73799, -0.43898, 0.25580)","(0.00000, 0.04395, 0.00000, 0.99903)","(-0.01386, 0.05170, -0.03134, 0.99554)","(-0.00225, 0.10645, -0.04935, 0.99053)","(0.00199, 0.10606, -0.03098, 0.99132)","(0.00466, 0.05964, 0.01772, 0.99552)","(-0.01169, 0.02457, 0.02306, 0.99683)","(0.00656, -0.00659, -0.03217, 0.99691)",
"(0.02067, 0.06560, -0.01069, 0.99504)","(-0.00938, -0.00566, -0.07455, 0.99462)","(-0.32581, 0.05285, -0.01974, 0.94375)","(-0.10236, 0.64363, -0.28875, 0.69647)","(-0.27833, 0.75558, -0.30159, 0.50062)","(0.55353, -0.77184, -0.21467, -0.21357)","(0.00000, 0.04395, 0.00000, 0.99903)","(0.03644, -0.64054, -0.30683, 0.69817)","(-0.39036, -0.84442, -0.11063, 0.34151)","(-0.43609, -0.73731, -0.44015, 0.25694)","(0.00000, 0.04395, 0.00000, 0.99903)","(-0.01430, 0.05168, -0.03085, 0.99555)","(-0.00380, 0.10682, -0.04963, 0.99047)","(0.00208, 0.10603, -0.03116, 0.99132)","(0.00485, 0.05998, 0.01813, 0.99549)","(-0.01247, 0.02335, 0.02317, 0.99685)","(0.00701, -0.00662, -0.03191, 0.99691)",
"(0.02463, 0.06631, -0.01142, 0.99489)","(-0.00468, -0.00605, -0.07498, 0.99462)","(-0.33448, 0.05329, -0.02670, 0.94051)","(-0.10022, 0.64372, -0.28697, 0.69744)","(-0.27732, 0.75531, -0.29953, 0.50288)","(0.55379, -0.77084, -0.21605, -0.21510)","(0.00000, 0.04395, 0.00000, 0.99903)","(0.03892, -0.64221, -0.30453, 0.69750)","(-0.38768, -0.84480, -0.11245, 0.34301)","(-0.43538, -0.73664, -0.44125, 0.25818)","(0.00000, 0.04395, 0.00000, 0.99903)","(-0.01441, 0.05217, -0.03096, 0.99552)","(-0.00500, 0.10829, -0.04987, 0.99030)","(0.00211, 0.10603, -0.03114, 0.99132)","(0.00485, 0.06082, 0.01837, 0.99543)","(-0.01357, 0.02298, 0.02317, 0.99684)","(0.00743, -0.00660, -0.03175, 0.99692)",
"(0.02865, 0.06740, -0.01190, 0.99470)","(0.00004, -0.00653, -0.07529, 0.99460)","(-0.32554, 0.05196, -0.01988, 0.94389)","(-0.09871, 0.64441, -0.28431, 0.69811)","(-0.27686, 0.75552, -0.29667, 0.50457)","(0.55415, -0.76972, -0.21735, -0.21684)","(0.00000, 0.04395, 0.00000, 0.99903)","(0.04117, -0.64370, -0.30253, 0.69686)","(-0.38398, -0.84524, -0.11355, 0.34572)","(-0.43368, -0.73580, -0.44233, 0.26154)","(0.00000, 0.04395, 0.00000, 0.99903)","(-0.01447, 0.05321, -0.03107, 0.99546)","(-0.00633, 0.10990, -0.04985, 0.99011)","(0.00201, 0.10591, -0.03110, 0.99133)","(0.00433, 0.06230, 0.01877, 0.99533)","(-0.01540, 0.02284, 0.02358, 0.99681)","(0.00799, -0.00657, -0.03152, 0.99692)",
"(0.03399, 0.06848, -0.01235, 0.99446)","(0.00520, -0.00713, -0.07540, 0.99457)","(-0.32524, 0.05219, -0.02037, 0.94397)","(-0.09773, 0.64544, -0.28124, 0.69854)","(-0.27708, 0.75570, -0.29362, 0.50598)","(0.55433, -0.76893, -0.21852, -0.21798)","(0.00000, 0.04395, 0.00000, 0.99903)","(0.04458, -0.64549, -0.30018, 0.69600)","(-0.38122, -0.84519, -0.11581, 0.34814)","(-0.43275, -0.73498, -0.44253, 0.26501)","(0.00000, 0.04395, 0.00000, 0.99903)","(-0.01464, 0.05448, -0.03084, 0.99539)","(-0.00745, 0.11098, -0.05006, 0.98997)","(0.00198, 0.10573, -0.03118, 0.99135)","(0.00386, 0.06323, 0.01916, 0.99527)","(-0.01679, 0.02182, 0.02394, 0.99680)","(0.00847, -0.00658, -0.03136, 0.99692)",
"(0.04110, 0.06922, -0.01271, 0.99413)","(0.01213, -0.00801, -0.07548, 0.99450)","(-0.32488, 0.04997, -0.02319, 0.94415)","(-0.09525, 0.64702, -0.27745, 0.69894)","(-0.27637, 0.75600, -0.28879, 0.50877)","(0.55435, -0.76754, -0.22055, -0.22074)","(0.00000, 0.04395, 0.00000, 0.99903)","(0.04785, -0.64787, -0.29665, 0.69508)","(-0.37573, -0.84512, -0.11981, 0.35289)","(-0.43236, -0.73291, -0.44360, 0.26952)","(0.00000, 0.04395, 0.00000, 0.99903)","(-0.01467, 0.05509, -0.03126, 0.99535)","(-0.00888, 0.11169, -0.05053, 0.98986)","(0.00221, 0.10570, -0.03131, 0.99135)","(0.00323, 0.06273, 0.01954, 0.99530)","(-0.01818, 0.01985, 0.02420, 0.99681)","(0.00909, -0.00658, -0.03122, 0.99692)",
"(0.04624, 0.06958, -0.01298, 0.99388)","(0.01786, -0.00871, -0.07541, 0.99441)","(-0.32370, 0.04528, -0.02395, 0.94477)","(-0.09198, 0.64746, -0.27665, 0.69929)","(-0.27505, 0.75620, -0.28681, 0.51035)","(0.55438, -0.76661, -0.22114, -0.22327)","(0.00000, 0.04395, 0.00000, 0.99903)","(0.05044, -0.64880, -0.29491, 0.69477)","(-0.37246, -0.84501, -0.12168, 0.35597)","(-0.43111, -0.73187, -0.44543, 0.27132)","(0.00000, 0.04395, 0.00000, 0.99903)","(-0.01467, 0.05507, -0.03144, 0.99534)","(-0.01018, 0.11249, -0.05084, 0.98974)","(0.00253, 0.10565, -0.03131, 0.99135)","(0.00298, 0.06239, 0.01942, 0.99532)","(-0.01933, 0.01866, 0.02407, 0.99682)","(0.00966, -0.00656, -0.03111, 0.99692)",
"(0.05185, 0.06961, -0.01327, 0.99359)","(0.02377, -0.00918, -0.07535, 0.99429)","(-0.32492, 0.05466, -0.02048, 0.94394)","(-0.08842, 0.64773, -0.27600, 0.69976)","(-0.27261, 0.75636, -0.28562, 0.51212)","(0.55420, -0.76579, -0.22208, -0.22559)","(0.00000, 0.04395, 0.00000, 0.99903)","(0.05353, -0.64982, -0.29271, 0.69451)","(-0.36884, -0.84503, -0.12323, 0.35914)","(-0.43040, -0.73028, -0.44693, 0.27422)","(0.00000, 0.04395, 0.00000, 0.99903)","(-0.01512, 0.05560, -0.03137, 0.99531)","(-0.01150, 0.11349, -0.05116, 0.98959)","(0.00289, 0.10557, -0.03133, 0.99136)","(0.00268, 0.06245, 0.01941, 0.99532)","(-0.02049, 0.01721, 0.02442, 0.99681)","(0.01016, -0.00653, -0.03103, 0.99691)",
"(0.05791, 0.06952, -0.01374, 0.99326)","(0.02957, -0.00945, -0.07525, 0.99414)","(-0.32205, 0.05456, -0.02002, 0.94494)","(-0.08489, 0.64801, -0.27539, 0.70018)","(-0.27024, 0.75678, -0.28407, 0.51366)","(0.55364, -0.76517, -0.22353, -0.22760)","(0.00000, 0.04395, 0.00000, 0.99903)","(0.05662, -0.65125, -0.28994, 0.69409)","(-0.36522, -0.84510, -0.12408, 0.36238)","(-0.42981, -0.72894, -0.44808, 0.27679)","(0.00000, 0.04395, 0.00000, 0.99903)","(-0.01548, 0.05627, -0.03118, 0.99527)","(-0.01293, 0.11467, -0.05143, 0.98942)","(0.00311, 0.10551, -0.03140, 0.99136)","(0.00224, 0.06256, 0.01934, 0.99531)","(-0.02199, 0.01614, 0.02484, 0.99679)","(0.01061, -0.00655, -0.03096, 0.99691)",
"(0.06777, 0.07015, -0.01492, 0.99257)","(0.04045, -0.00954, -0.07498, 0.99377)","(-0.31844, 0.05467, -0.02104, 0.94613)","(-0.08068, 0.64844, -0.27374, 0.70093)","(-0.26759, 0.75751, -0.28075, 0.51583)","(0.55310, -0.76453, -0.22487, -0.22972)","(0.00000, 0.04395, 0.00000, 0.99903)","(0.06025, -0.65323, -0.28688, 0.69318)","(-0.36121, -0.84489, -0.12570, 0.36630)","(-0.42874, -0.72724, -0.44934, 0.28082)","(0.00000, 0.04395, 0.00000, 0.99903)","(-0.01641, 0.05985, -0.03003, 0.99508)","(-0.01483, 0.11764, -0.05192, 0.98902)","(0.00337, 0.10552, -0.03144, 0.99136)","(0.00069, 0.06149, 0.01900, 0.99539)","(-0.02406, 0.01438, 0.02573, 0.99674)","(0.01139, -0.00658, -0.03088, 0.99691)",
"(0.07449, 0.07110, -0.01570, 0.99201)","(0.04719, -0.00980, -0.07509, 0.99347)","(-0.32498, 0.05594, -0.02152, 0.94382)","(-0.07749, 0.64890, -0.27211, 0.70151)","(-0.26589, 0.75781, -0.27844, 0.51758)","(0.55314, -0.76383, -0.22555, -0.23126)","(0.00000, 0.04395, 0.00000, 0.99903)","(0.06192, -0.65447, -0.28555, 0.69242)","(-0.35795, -0.84445, -0.12803, 0.36969)","(-0.42790, -0.72577, -0.45002, 0.28477)","(0.00000, 0.04395, 0.00000, 0.99903)","(-0.01667, 0.06168, -0.02948, 0.99498)","(-0.01623, 0.11963, -0.05245, 0.98873)","(0.00368, 0.10543, -0.03141, 0.99137)","(0.00004, 0.06176, 0.01870, 0.99538)","(-0.02519, 0.01398, 0.02588, 0.99672)","(0.01198, -0.00656, -0.03079, 0.99690)",
"(0.08142, 0.07182, -0.01639, 0.99140)","(0.05526, -0.01003, -0.07500, 0.99305)","(-0.32651, 0.05064, -0.02518, 0.94350)","(-0.07385, 0.64935, -0.27102, 0.70190)","(-0.26391, 0.75797, -0.27612, 0.51963)","(0.55320, -0.76276, -0.22645, -0.23375)","(0.00000, 0.04395, 0.00000, 0.99903)","(0.06320, -0.65574, -0.28406, 0.69170)","(-0.35387, -0.84399, -0.12948, 0.37414)","(-0.42718, -0.72445, -0.45071, 0.28809)","(0.00000, 0.04395, 0.00000, 0.99903)","(-0.01700, 0.06277, -0.02918, 0.99492)","(-0.01769, 0.12123, -0.05285, 0.98849)","(0.00417, 0.10517, -0.03138, 0.99140)","(-0.00076, 0.06188, 0.01857, 0.99537)","(-0.02675, 0.01358, 0.02623, 0.99667)","(0.01258, -0.00654, -0.03074, 0.99690)",
"(0.08791, 0.07212, -0.01703, 0.99081)","(0.06272, -0.01057, -0.07477, 0.99262)","(-0.32326, 0.05123, -0.02441, 0.94461)","(-0.07057, 0.64951, -0.27006, 0.70247)","(-0.26134, 0.75845, -0.27379, 0.52150)","(0.55284, -0.76165, -0.22675, -0.23789)","(0.00000, 0.04395, 0.00000, 0.99903)","(0.06479, -0.65691, -0.28249, 0.69109)","(-0.34905, -0.84382, -0.12973, 0.37893)","(-0.42591, -0.72346, -0.45247, 0.28967)","(0.00000, 0.04395, 0.00000, 0.99903)","(-0.01700, 0.06277, -0.02918, 0.99492)","(-0.01893, 0.12338, -0.05329, 0.98818)","(0.00449, 0.10503, -0.03142, 0.99141)","(-0.00191, 0.06178, 0.01828, 0.99538)","(-0.02869, 0.01308, 0.02671, 0.99661)","(0.01308, -0.00658, -0.03076, 0.99689)",
"(0.09473, 0.07281, -0.01778, 0.99012)","(0.07014, -0.01163, -0.07435, 0.99214)","(-0.31954, 0.05650, -0.02382, 0.94559)","(-0.06652, 0.64997, -0.26911, 0.70280)","(-0.25897, 0.75911, -0.27099, 0.52323)","(0.55210, -0.76086, -0.22612, -0.24269)","(0.00000, 0.04395, 0.00000, 0.99903)","(0.06662, -0.65846, -0.28013, 0.69039)","(-0.34400, -0.84358, -0.13105, 0.38360)","(-0.42348, -0.72261, -0.45538, 0.29079)","(0.00000, 0.04395, 0.00000, 0.99903)","(-0.01700, 0.06277, -0.02918, 0.99492)","(-0.02013, 0.12551, -0.05356, 0.98787)","(0.00471, 0.10496, -0.03158, 0.99141)","(-0.00335, 0.06115, 0.01792, 0.99543)","(-0.03030, 0.01233, 0.02749, 0.99655)","(0.01355, -0.00660, -0.03081, 0.99688)",
"(0.10516, 0.07389, -0.01919, 0.98896)","(0.07967, -0.01261, -0.07321, 0.99150)","(-0.32232, 0.05281, -0.02326, 0.94487)","(-0.06076, 0.65137, -0.26683, 0.70290)","(-0.25566, 0.75983, -0.26665, 0.52610)","(0.55131, -0.76015, -0.22554, -0.24717)","(0.00000, 0.04395, 0.00000, 0.99903)","(0.07230, -0.66296, -0.27253, 0.68854)","(-0.33347, -0.84391, -0.13229, 0.39165)","(-0.42146, -0.71940, -0.45669, 0.29944)","(0.00000, 0.04395, 0.00000, 0.99903)","(-0.01700, 0.06277, -0.02918, 0.99492)","(-0.02142, 0.12776, -0.05396, 0.98753)","(0.00502, 0.10493, -0.03183, 0.99140)","(-0.00489, 0.06120, 0.01793, 0.99542)","(-0.03193, 0.01180, 0.02832, 0.99649)","(0.01409, -0.00665, -0.03082, 0.99687)",
"(0.11167, 0.07456, -0.01978, 0.98818)","(0.08705, -0.01335, -0.07276, 0.99090)","(-0.32054, 0.05266, -0.02443, 0.94545)","(-0.05882, 0.65172, -0.26541, 0.70328)","(-0.25436, 0.76016, -0.26515, 0.52702)","(0.55028, -0.75968, -0.22518, -0.25120)","(0.00000, 0.04395, 0.00000, 0.99903)","(0.07456, -0.66511, -0.26920, 0.68753)","(-0.32886, -0.84408, -0.13251, 0.39511)","(-0.42140, -0.71875, -0.45683, 0.30086)","(0.00000, 0.04395, 0.00000, 0.99903)","(-0.01700, 0.06277, -0.02918, 0.99492)","(-0.02249, 0.12968, -0.05404, 0.98725)","(0.00514, 0.10503, -0.03201, 0.99139)","(-0.00611, 0.06113, 0.01773, 0.99542)","(-0.03367, 0.01159, 0.02913, 0.99641)","(0.01451, -0.00670, -0.03079, 0.99687)",
"(0.11873, 0.07494, -0.02056, 0.98731)","(0.09449, -0.01416, -0.07232, 0.99024)","(-0.31755, 0.05450, -0.02359, 0.94638)","(-0.05505, 0.65305, -0.26128, 0.70391)","(-0.25335, 0.76134, -0.25966, 0.52858)","(0.54967, -0.75878, -0.22470, -0.25563)","(0.00000, 0.04395, 0.00000, 0.99903)","(0.07837, -0.66812, -0.26515, 0.68574)","(-0.32163, -0.84336, -0.13602, 0.40135)","(-0.42024, -0.71619, -0.45834, 0.30621)","(0.00000, 0.04395, 0.00000, 0.99903)","(-0.01700, 0.06277, -0.02918, 0.99492)","(-0.02363, 0.13133, -0.05424, 0.98700)","(0.00526, 0.10509, -0.03218, 0.99137)","(-0.00773, 0.06047, 0.01764, 0.99545)","(-0.03547, 0.01087, 0.03010, 0.99633)","(0.01500, -0.00667, -0.03072, 0.99686)",
"(0.12550, 0.07513, -0.02162, 0.98643)","(0.10192, -0.01504, -0.07189, 0.98952)","(-0.31676, 0.05505, -0.02438, 0.94659)","(-0.05214, 0.65395, -0.25826, 0.70441)","(-0.25211, 0.76182, -0.25550, 0.53054)","(0.54954, -0.75718, -0.22311, -0.26196)","(0.00000, 0.04395, 0.00000, 0.99903)","(0.07997, -0.67018, -0.26315, 0.68431)","(-0.31668, -0.84269, -0.13762, 0.40611)","(-0.41989, -0.71456, -0.45883, 0.30973)","(0.00000, 0.04395, 0.00000, 0.99903)","(-0.01700, 0.06277, -0.02918, 0.99492)","(-0.02494, 0.13220, -0.05425, 0.98685)","(0.00551, 0.10512, -0.03223, 0.99137)","(-0.00928, 0.05952, 0.01787, 0.99549)","(-0.03692, 0.00948, 0.03109, 0.99626)","(0.01545, -0.00672, -0.03068, 0.99686)",
"(0.13608, 0.07543, -0.02300, 0.98497)","(0.11425, -0.01715, -0.07188, 0.98813)","(-0.31886, 0.05462, -0.02418, 0.94592)","(-0.04719, 0.65397, -0.25586, 0.70562)","(-0.24775, 0.76225, -0.25190, 0.53376)","(0.54856, -0.75392, -0.21956, -0.27597)","(0.00000, 0.04395, 0.00000, 0.99903)","(0.08122, -0.67254, -0.26105, 0.68263)","(-0.30906, -0.84214, -0.13803, 0.41292)","(-0.42054, -0.71231, -0.45818, 0.31489)","(0.00000, 0.04395, 0.00000, 0.99903)","(-0.01700, 0.06277, -0.02918, 0.99492)","(-0.02729, 0.13267, -0.05435, 0.98672)","(0.00608, 0.10495, -0.03228, 0.99138)","(-0.01102, 0.05721, 0.01762, 0.99561)","(-0.03900, 0.00731, 0.03200, 0.99617)","(0.01650, -0.00659, -0.03045, 0.99685)",
"(0.14268, 0.07577, -0.02381, 0.98399)","(0.12169, -0.01838, -0.07177, 0.98723)","(-0.31742, 0.05592, -0.02481, 0.94631)","(-0.04255, 0.65405, -0.25428, 0.70642)","(-0.24540, 0.76256, -0.24783, 0.53635)","(0.54806, -0.75205, -0.21909, -0.28236)","(0.00000, 0.04395, 0.00000, 0.99903)","(0.08182, -0.67492, -0.25920, 0.68090)","(-0.30401, -0.84086, -0.14172, 0.41799)","(-0.41993, -0.71104, -0.45896, 0.31742)","(0.00000, 0.04395, 0.00000, 0.99903)","(-0.01700, 0.06277, -0.02918, 0.99492)","(-0.02854, 0.13351, -0.05422, 0.98658)","(0.00655, 0.10484, -0.03235, 0.99139)","(-0.01202, 0.05640, 0.01746, 0.99565)","(-0.04002, 0.00703, 0.03269, 0.99611)","(0.01733, -0.00642, -0.03025, 0.99684)",
"(0.14935, 0.07627, -0.02466, 0.98294)","(0.12850, -0.01978, -0.07164, 0.98634)","(-0.31753, 0.05701, -0.02169, 0.94628)","(-0.03911, 0.65452, -0.25168, 0.70711)","(-0.24171, 0.76268, -0.24449, 0.53945)","(0.54889, -0.74949, -0.21807, -0.28824)","(0.00000, 0.04395, 0.00000, 0.99903)","(0.08298, -0.67707, -0.25711, 0.67941)","(-0.29854, -0.83957, -0.14492, 0.42338)","(-0.41960, -0.70979, -0.45883, 0.32081)","(0.00000, 0.04395, 0.00000, 0.99903)","(-0.01700, 0.06277, -0.02918, 0.99492)","(-0.02963, 0.13459, -0.05405, 0.98641)","(0.00725, 0.10476, -0.03250, 0.99139)","(-0.01283, 0.05658, 0.01747, 0.99563)","(-0.04129, 0.00668, 0.03337, 0.99603)","(0.01810, -0.00636, -0.03006, 0.99683)",
"(0.15604, 0.07672, -0.02557, 0.98184)","(0.12850, -0.01978, -0.07164, 0.98634)","(-0.31517, 0.05789, -0.02016, 0.94705)","(-0.03553, 0.65433, -0.25032, 0.70798)","(-0.23719, 0.76266, -0.24230, 0.54252)","(0.54887, -0.74715, -0.21583, -0.29591)","(0.00000, 0.04395, 0.00000, 0.99903)","(0.08424, -0.67862, -0.25499, 0.67850)","(-0.29182, -0.83873, -0.14558, 0.42945)","(-0.41925, -0.70802, -0.45882, 0.32513)","(0.00000, 0.04395, 0.00000, 0.99903)","(-0.01700, 0.06277, -0.02918, 0.99492)","(-0.03113, 0.13529, -0.05407, 0.98626)","(0.00848, 0.10440, -0.03279, 0.99141)","(-0.01349, 0.05601, 0.01747, 0.99565)","(-0.04316, 0.00629, 0.03371, 0.99594)","(0.01900, -0.00622, -0.02961, 0.99683)",
"(0.16273, 0.07763, -0.02643, 0.98066)","(0.13992, -0.02146, -0.07116, 0.98479)","(-0.31238, 0.05479, -0.02081, 0.94815)","(-0.02998, 0.65350, -0.25041, 0.70897)","(-0.23271, 0.76259, -0.24104, 0.54515)","(0.54863, -0.74472, -0.21339, -0.30411)","(0.00000, 0.04395, 0.00000, 0.99903)","(0.08515, -0.68030, -0.25245, 0.67765)","(-0.28573, -0.83768, -0.14769, 0.43485)","(-0.41883, -0.70671, -0.45916, 0.32801)","(0.00000, 0.04395, 0.00000, 0.99903)","(-0.01700, 0.06277, -0.02918, 0.99492)","(-0.03211, 0.13596, -0.05428, 0.98613)","(0.00973, 0.10405, -0.03308, 0.99142)","(-0.01452, 0.05528, 0.01709, 0.99568)","(-0.04484, 0.00604, 0.03426, 0.99585)","(0.01980, -0.00606, -0.02917, 0.99683)",
"(0.17162, 0.07917, -0.02769, 0.97898)","(0.15123, -0.02283, -0.07047, 0.98313)","(-0.31267, 0.05354, -0.02099, 0.94812)","(-0.02167, 0.65261, -0.24915, 0.71055)","(-0.22449, 0.76235, -0.23876, 0.55001)","(0.55006, -0.74089, -0.20943, -0.31344)","(0.00000, 0.04395, 0.00000, 0.99903)","(0.08780, -0.68313, -0.24756, 0.67625)","(-0.27590, -0.83546, -0.15152, 0.44403)","(-0.41687, -0.70552, -0.46016, 0.33164)","(0.00000, 0.04395, 0.00000, 0.99903)","(-0.01700, 0.06277, -0.02918, 0.99492)","(-0.03275, 0.13733, -0.05463, 0.98590)","(0.01124, 0.10374, -0.03338, 0.99143)","(-0.01595, 0.05602, 0.01725, 0.99562)","(-0.04636, 0.00684, 0.03520, 0.99575)","(0.02075, -0.00599, -0.02896, 0.99682)",
"(0.17843, 0.07999, -0.02851, 0.97767)","(0.15778, -0.02315, -0.06995, 0.98213)","(-0.31310, 0.05786, -0.02017, 0.94774)","(-0.01805, 0.65280, -0.24791, 0.71090)","(-0.22184, 0.76168, -0.23618, 0.55319)","(0.55015, -0.73929, -0.20794, -0.31800)","(0.00000, 0.04395, 0.00000, 0.99903)","(0.08992, -0.68507, -0.24413, 0.67524)","(-0.26984, -0.83410, -0.15275, 0.44983)","(-0.41609, -0.70465, -0.46041, 0.33409)","(0.00000, 0.04395, 0.00000, 0.99903)","(-0.01700, 0.06277, -0.02918, 0.99492)","(-0.03399, 0.13913, -0.05479, 0.98559)","(0.01192, 0.10369, -0.03354, 0.99142)","(-0.01701, 0.05650, 0.01704, 0.99558)","(-0.04811, 0.00684, 0.03597, 0.99564)","(0.02126, -0.00600, -0.02892, 0.99681)",
"(0.18538, 0.08040, -0.02888, 0.97633)","(0.16438, -0.02356, -0.06927, 0.98108)","(-0.31186, 0.05234, -0.02105, 0.94845)","(-0.01449, 0.65280, -0.24645, 0.71150)","(-0.21766, 0.76109, -0.23491, 0.55624)","(0.55060, -0.73717, -0.20602, -0.32331)","(0.00000, 0.04395, 0.00000, 0.99903)","(0.09096, -0.68691, -0.24167, 0.67411)","(-0.26379, -0.83280, -0.15400, 0.45537)","(-0.41621, -0.70327, -0.45959, 0.33794)","(0.00000, 0.04395, 0.00000, 0.99903)","(-0.01700, 0.06277, -0.02918, 0.99492)","(-0.03507, 0.14087, -0.05523, 0.98528)","(0.01273, 0.10348, -0.03371, 0.99143)","(-0.01846, 0.05631, 0.01670, 0.99557)","(-0.04981, 0.00664, 0.03662, 0.99553)","(0.02175, -0.00593, -0.02869, 0.99680)",
"(0.19216, 0.08049, -0.02954, 0.97498)","(0.17101, -0.02435, -0.06838, 0.97999)","(-0.31045, 0.05774, -0.01681, 0.94869)","(-0.00956, 0.65205, -0.24612, 0.71239)","(-0.21255, 0.76076, -0.23389, 0.55914)","(0.55060, -0.73717, -0.20602, -0.32331)","(0.00000, 0.04395, 0.00000, 0.99903)","(0.09209, -0.68843, -0.23937, 0.67322)","(-0.25880, -0.83115, -0.15627, 0.46043)","(-0.41656, -0.70160, -0.45934, 0.34128)","(0.00000, 0.04395, 0.00000, 0.99903)","(-0.02766, 0.08478, -0.01381, 0.99337)","(-0.03565, 0.14198, -0.05557, 0.98508)","(0.01383, 0.10324, -0.03398, 0.99143)","(-0.01968, 0.05490, 0.01677, 0.99562)","(-0.05096, 0.00598, 0.03709, 0.99546)","(0.02220, -0.00594, -0.02859, 0.99680)",
"(0.20262, 0.08017, -0.03076, 0.97285)","(0.18188, -0.02610, -0.06766, 0.97803)","(-0.30919, 0.05741, -0.01658, 0.94912)","(-0.00203, 0.65142, -0.24587, 0.71312)","(-0.20504, 0.75987, -0.23261, 0.56374)","(0.54923, -0.73093, -0.19778, -0.34419)","(0.00000, 0.04395, 0.00000, 0.99903)","(0.09389, -0.68948, -0.23754, 0.67253)","(-0.25153, -0.82921, -0.15936, 0.46684)","(-0.41512, -0.69951, -0.46165, 0.34418)","(0.00000, 0.04395, 0.00000, 0.99903)","(-0.02803, 0.08450, -0.01260, 0.99340)","(-0.03708, 0.14304, -0.05563, 0.98487)","(0.01517, 0.10322, -0.03426, 0.99140)","(-0.02088, 0.05326, 0.01666, 0.99569)","(-0.05221, 0.00523, 0.03741, 0.99538)","(0.02286, -0.00598, -0.02853, 0.99678)",
"(0.20903, 0.07951, -0.03141, 0.97152)","(0.18764, -0.02719, -0.06738, 0.97693)","(-0.30692, 0.05704, -0.01679, 0.94988)","(0.00218, 0.65182, -0.24474, 0.71314)","(-0.19916, 0.75952, -0.23095, 0.56706)","(0.54781, -0.72951, -0.19658, -0.35009)","(0.00000, 0.04395, 0.00000, 0.99903)","(0.09561, -0.69078, -0.23526, 0.67176)","(-0.24467, -0.82816, -0.16121, 0.47169)","(-0.41447, -0.69785, -0.46229, 0.34742)","(0.00000, 0.04395, 0.00000, 0.99903)","(-0.02843, 0.08415, -0.01195, 0.99343)","(-0.03848, 0.14308, -0.05582, 0.98480)","(0.01661, 0.10272, -0.03480, 0.99141)","(-0.02161, 0.05285, 0.01655, 0.99570)","(-0.05401, 0.00488, 0.03816, 0.99526)","(0.02354, -0.00585, -0.02837, 0.99677)",
"(0.21532, 0.07894, -0.03174, 0.97018)","(0.19351, -0.02822, -0.06706, 0.97577)","(-0.30815, 0.05607, -0.01787, 0.94952)","(0.00641, 0.65128, -0.24457, 0.71367)","(-0.19301, 0.75934, -0.23028, 0.56974)","(0.54537, -0.72818, -0.19299, -0.35855)","(0.00000, 0.04395, 0.00000, 0.99903)","(0.09827, -0.69222, -0.23264, 0.67079)","(-0.23845, -0.82690, -0.16311, 0.47641)","(-0.41444, -0.69587, -0.46253, 0.35106)","(0.00000, 0.04395, 0.00000, 0.99903)","(-0.03003, 0.08443, -0.01072, 0.99337)","(-0.03993, 0.14377, -0.05635, 0.98462)","(0.01847, 0.10201, -0.03538, 0.99143)","(-0.02289, 0.05175, 0.01633, 0.99573)","(-0.05551, 0.00437, 0.03877, 0.99516)","(0.02469, -0.00568, -0.02814, 0.99675)",
"(0.22181, 0.07847, -0.03238, 0.96873)","(0.19920, -0.02914, -0.06655, 0.97463)","(-0.30730, 0.05993, -0.01513, 0.94960)","(0.01284, 0.64980, -0.24593, 0.71447)","(-0.18605, 0.75897, -0.23204, 0.57186)","(0.54091, -0.72795, -0.18799, -0.36828)","(0.00000, 0.04395, 0.00000, 0.99903)","(0.10040, -0.69305, -0.23133, 0.67007)","(-0.23333, -0.82547, -0.16538, 0.48060)","(-0.41420, -0.69425, -0.46372, 0.35295)","(0.00000, 0.04395, 0.00000, 0.99903)","(-0.03110, 0.08562, -0.01047, 0.99324)","(-0.04046, 0.14530, -0.05670, 0.98435)","(0.02067, 0.10124, -0.03583, 0.99145)","(-0.02366, 0.05104, 0.01607, 0.99575)","(-0.05656, 0.00409, 0.03925, 0.99508)","(0.02587, -0.00550, -0.02807, 0.99672)",
"(0.22858, 0.07806, -0.03322, 0.96716)","(0.20499, -0.03085, -0.06572, 0.97343)","(-0.30540, 0.06496, -0.01331, 0.94991)","(0.01872, 0.64884, -0.24603, 0.71518)","(-0.17935, 0.75862, -0.23334, 0.57396)","(0.53635, -0.72825, -0.18621, -0.37521)","(0.00000, 0.04395, 0.00000, 0.99903)","(0.10167, -0.69365, -0.23101, 0.66935)","(-0.22857, -0.82402, -0.16796, 0.48447)","(-0.41243, -0.69295, -0.46587, 0.35472)","(0.00000, 0.04395, 0.00000, 0.99903)","(-0.03106, 0.08625, -0.01047, 0.99319)","(-0.04112, 0.14684, -0.05686, 0.98408)","(0.02258, 0.10065, -0.03606, 0.99146)","(-0.02390, 0.05090, 0.01572, 0.99576)","(-0.05732, 0.00397, 0.03939, 0.99503)","(0.02702, -0.00535, -0.02817, 0.99669)",
"(0.23783, 0.07744, -0.03438, 0.96493)","(0.21138, -0.03306, -0.06470, 0.97206)","(-0.30357, 0.06067, -0.01636, 0.95073)","(0.02393, 0.64865, -0.24253, 0.71640)","(-0.17295, 0.75906, -0.23001, 0.57672)","(0.53134, -0.72708, -0.18605, -0.38454)","(0.00000, 0.04395, 0.00000, 0.99903)","(0.10475, -0.69464, -0.23051, 0.66802)","(-0.21996, -0.82190, -0.17366, 0.48999)","(-0.41151, -0.69153, -0.46715, 0.35687)","(0.00000, 0.04395, 0.00000, 0.99903)","(-0.03146, 0.08709, -0.01004, 0.99311)","(-0.04242, 0.14902, -0.05716, 0.98368)","(0.02499, 0.09978, -0.03640, 0.99148)","(-0.02517, 0.05047, 0.01514, 0.99576)","(-0.05918, 0.00354, 0.04040, 0.99488)","(0.02759, -0.00526, -0.02813, 0.99668)",
"(0.24634, 0.07628, -0.03562, 0.96284)","(0.21575, -0.03443, -0.06397, 0.97110)","(-0.29554, 0.06427, -0.01337, 0.95307)","(0.02713, 0.64841, -0.24087, 0.71707)","(-0.16975, 0.75860, -0.22805, 0.57909)","(0.52748, -0.72735, -0.18729, -0.38873)","(0.00000, 0.04395, 0.00000, 0.99903)","(0.10768, -0.69612, -0.22890, 0.66655)","(-0.21494, -0.82100, -0.17551, 0.49306)","(-0.41176, -0.68968, -0.46681, 0.36055)","(0.00000, 0.04395, 0.00000, 0.99903)","(-0.03204, 0.08721, -0.00993, 0.99308)","(-0.04317, 0.14918, -0.05764, 0.98360)","(0.02637, 0.09921, -0.03665, 0.99149)","(-0.02668, 0.04884, 0.01528, 0.99580)","(-0.05976, 0.00222, 0.04118, 0.99482)","(0.02708, -0.00538, -0.02808, 0.99669)",
"(0.25331, 0.07501, -0.03664, 0.96109)","(0.21992, -0.03625, -0.06344, 0.97013)","(-0.29477, 0.06112, -0.01546, 0.95348)","(0.02944, 0.64876, -0.23860, 0.71742)","(-0.16734, 0.75863, -0.22481, 0.58104)","(0.52481, -0.72650, -0.18940, -0.39287)","(0.00000, 0.04395, 0.00000, 0.99903)","(0.11070, -0.69781, -0.22671, 0.66502)","(-0.21115, -0.82006, -0.17742, 0.49556)","(-0.41072, -0.68809, -0.46775, 0.36351)","(0.00000, 0.04395, 0.00000, 0.99903)","(-0.03254, 0.08570, -0.00958, 0.99320)","(-0.04421, 0.14886, -0.05821, 0.98356)","(0.02719, 0.09898, -0.03677, 0.99148)","(-0.02727, 0.04613, 0.01563, 0.99591)","(-0.05985, 0.00074, 0.04150, 0.99480)","(0.02654, -0.00555, -0.02819, 0.99670)",
"(0.26025, 0.07350, -0.03740, 0.95931)","(0.22437, -0.03810, -0.06319, 0.96905)","(-0.29682, 0.06178, -0.01173, 0.95286)","(0.03106, 0.64883, -0.23659, 0.71796)","(-0.16574, 0.75862, -0.22125, 0.58290)","(0.52320, -0.72539, -0.18888, -0.39729)","(0.00000, 0.04395, 0.00000, 0.99903)","(0.11194, -0.69871, -0.22606, 0.66408)","(-0.20799, -0.81911, -0.18010, 0.49749)","(-0.40990, -0.68698, -0.46809, 0.36608)","(0.00000, 0.04395, 0.00000, 0.99903)","(-0.03326, 0.08395, -0.00913, 0.99333)","(-0.04571, 0.14918, -0.05875, 0.98342)","(0.02785, 0.09878, -0.03681, 0.99148)","(-0.02718, 0.04397, 0.01549, 0.99601)","(-0.06067, -0.00057, 0.04173, 0.99475)","(0.02650, -0.00571, -0.02858, 0.99669)",
"(0.27132, 0.07080, -0.03867, 0.95639)","(0.23231, -0.04119, -0.06366, 0.96702)","(-0.29296, 0.06785, -0.00590, 0.95370)","(0.03530, 0.64777, -0.23730, 0.71849)","(-0.16079, 0.75765, -0.22213, 0.58524)","(0.52139, -0.72478, -0.18734, -0.40149)","(0.00000, 0.04395, 0.00000, 0.99903)","(0.11294, -0.70007, -0.22678, 0.66222)","(-0.20464, -0.81373, -0.18268, 0.50259)","(-0.41047, -0.68509, -0.46814, 0.36889)","(0.00000, 0.04395, 0.00000, 0.99903)","(-0.03587, 0.08197, -0.00796, 0.99341)","(-0.04845, 0.14800, -0.05947, 0.98342)","(0.02944, 0.09837, -0.03688, 0.99148)","(-0.02893, 0.04081, 0.01546, 0.99609)","(-0.06282, -0.00263, 0.04224, 0.99459)","(0.02634, -0.00582, -0.02908, 0.99668)",
"(0.27741, 0.06965, -0.03983, 0.95468)","(0.23769, -0.04308, -0.06400, 0.96560)","(-0.28879, 0.06314, -0.01255, 0.95522)","(0.03820, 0.64755, -0.23680, 0.71871)","(-0.15849, 0.75778, -0.22112, 0.58610)","(0.51538, -0.72540, -0.18626, -0.40858)","(0.00000, 0.04395, 0.00000, 0.99903)","(0.11406, -0.70099, -0.22628, 0.66121)","(-0.20277, -0.81279, -0.18420, 0.50436)","(-0.40996, -0.68462, -0.46908, 0.36912)","(0.00000, 0.04395, 0.00000, 0.99903)","(-0.03742, 0.08153, -0.00775, 0.99339)","(-0.04971, 0.14811, -0.06000, 0.98331)","(0.03003, 0.09836, -0.03688, 0.99146)","(-0.03003, 0.03940, 0.01548, 0.99612)","(-0.06350, -0.00367, 0.04282, 0.99452)","(0.02604, -0.00594, -0.02918, 0.99669)",
"(0.28299, 0.06908, -0.04077, 0.95303)","(0.24275, -0.04492, -0.06423, 0.96424)","(-0.28883, 0.06169, -0.01211, 0.95531)","(0.04003, 0.64796, -0.23513, 0.71879)","(-0.15746, 0.75857, -0.21781, 0.58660)","(0.51424, -0.72515, -0.18686, -0.41019)","(0.00000, 0.04395, 0.00000, 0.99903)","(0.11516, -0.70195, -0.22536, 0.66031)","(-0.20120, -0.81179, -0.18629, 0.50587)","(-0.40896, -0.68419, -0.46997, 0.36990)","(0.00000, 0.04395, 0.00000, 0.99903)","(-0.03823, 0.08141, -0.00736, 0.99337)","(-0.05089, 0.14813, -0.06025, 0.98323)","(0.03017, 0.09851, -0.03669, 0.99145)","(-0.03053, 0.03792, 0.01532, 0.99616)","(-0.06381, -0.00504, 0.04287, 0.99449)","(0.02584, -0.00611, -0.02928, 0.99669)",
"(0.28854, 0.06896, -0.04144, 0.95135)","(0.24750, -0.04660, -0.06466, 0.96292)","(-0.28531, 0.06256, -0.01149, 0.95632)","(0.04360, 0.64763, -0.23508, 0.71889)","(-0.15458, 0.75866, -0.21809, 0.58715)","(0.51496, -0.72370, -0.18759, -0.41148)","(0.00000, 0.04395, 0.00000, 0.99903)","(0.11598, -0.70313, -0.22481, 0.65909)","(-0.19928, -0.81085, -0.18828, 0.50744)","(-0.40831, -0.68322, -0.47018, 0.37211)","(0.00000, 0.04395, 0.00000, 0.99903)","(-0.03882, 0.08171, -0.00649, 0.99333)","(-0.05210, 0.14836, -0.06043, 0.98312)","(0.03019, 0.09858, -0.03659, 0.99144)","(-0.03067, 0.03675, 0.01534, 0.99620)","(-0.06444, -0.00504, 0.04274, 0.99445)","(0.02586, -0.00621, -0.02933, 0.99668)",
"(0.29382, 0.06916, -0.04199, 0.94968)","(0.25198, -0.04804, -0.06475, 0.96168)","(-0.28221, 0.06698, -0.01392, 0.95691)","(0.04730, 0.64691, -0.23582, 0.71907)","(-0.15115, 0.75893, -0.21972, 0.58710)","(0.51419, -0.72346, -0.18635, -0.41343)","(0.00000, 0.04395, 0.00000, 0.99903)","(0.11701, -0.70423, -0.22413, 0.65795)","(-0.19710, -0.81000, -0.18934, 0.50930)","(-0.40800, -0.68250, -0.47069, 0.37312)","(0.00000, 0.04395, 0.00000, 0.99903)","(-0.03925, 0.08225, -0.00625, 0.99327)","(-0.05338, 0.14854, -0.06047, 0.98302)","(0.03054, 0.09862, -0.03659, 0.99143)","(-0.03135, 0.03710, 0.01543, 0.99617)","(-0.06589, -0.00437, 0.04311, 0.99434)","(0.02595, -0.00621, -0.02934, 0.99668)",
"(0.30072, 0.06960, -0.04332, 0.94743)","(0.25780, -0.04977, -0.06489, 0.96004)","(-0.28326, 0.06931, -0.01032, 0.95648)","(0.05006, 0.64720, -0.23364, 0.71933)","(-0.15068, 0.76002, -0.21578, 0.58727)","(0.51057, -0.72424, -0.18740, -0.41607)","(0.00000, 0.04395, 0.00000, 0.99903)","(0.11970, -0.70544, -0.22207, 0.65685)","(-0.19404, -0.80871, -0.19125, 0.51186)","(-0.40600, -0.68126, -0.47278, 0.37491)","(0.00000, 0.04395, 0.00000, 0.99903)","(-0.04043, 0.08362, -0.00560, 0.99312)","(-0.05449, 0.14867, -0.06031, 0.98295)","(0.03184, 0.09834, -0.03668, 0.99141)","(-0.03292, 0.03794, 0.01585, 0.99608)","(-0.06742, -0.00337, 0.04375, 0.99422)","(0.02669, -0.00610, -0.02945, 0.99666)",
"(0.30650, 0.06987, -0.04423, 0.94551)","(0.26122, -0.05060, -0.06467, 0.95908)","(-0.28027, 0.07233, -0.01236, 0.95711)","(0.05230, 0.64719, -0.23379, 0.71913)","(-0.14769, 0.76012, -0.21530, 0.58808)","(0.50979, -0.72310, -0.18755, -0.41892)","(0.00000, 0.04395, 0.00000, 0.99903)","(0.12127, -0.70641, -0.22059, 0.65601)","(-0.19149, -0.80800, -0.19212, 0.51365)","(-0.40586, -0.68019, -0.47287, 0.37686)","(0.00000, 0.04395, 0.00000, 0.99903)","(-0.04033, 0.08395, -0.00528, 0.99309)","(-0.05493, 0.14818, -0.06006, 0.98301)","(0.03320, 0.09804, -0.03669, 0.99140)","(-0.03430, 0.03777, 0.01653, 0.99603)","(-0.06828, -0.00284, 0.04406, 0.99415)","(0.02766, -0.00597, -0.02960, 0.99663)",
"(0.31143, 0.06978, -0.04457, 0.94388)","(0.26541, -0.05136, -0.06400, 0.95793)","(-0.27529, 0.07256, -0.01166, 0.95855)","(0.05542, 0.64650, -0.23478, 0.71919)","(-0.14454, 0.76073, -0.21556, 0.58797)","(0.50918, -0.72159, -0.18633, -0.42278)","(0.00000, 0.04395, 0.00000, 0.99903)","(0.12227, -0.70714, -0.21946, 0.65542)","(-0.19011, -0.80704, -0.19298, 0.51540)","(-0.40544, -0.68020, -0.47411, 0.37575)","(0.00000, 0.04395, 0.00000, 0.99903)","(-0.04061, 0.08354, -0.00429, 0.99312)","(-0.05578, 0.14791, -0.05984, 0.98302)","(0.03391, 0.09798, -0.03673, 0.99138)","(-0.03529, 0.03690, 0.01701, 0.99602)","(-0.06919, -0.00285, 0.04441, 0.99407)","(0.02821, -0.00589, -0.02969, 0.99661)",
"(0.31636, 0.06955, -0.04490, 0.94224)","(0.26963, -0.05297, -0.06409, 0.95666)","(-0.27596, 0.07450, -0.01077, 0.95822)","(0.05900, 0.64631, -0.23492, 0.71903)","(-0.14278, 0.76111, -0.21497, 0.58814)","(0.50718, -0.72191, -0.18387, -0.42571)","(0.00000, 0.04395, 0.00000, 0.99903)","(0.12320, -0.70736, -0.21921, 0.65508)","(-0.19027, -0.80601, -0.19412, 0.51655)","(-0.40421, -0.68040, -0.47597, 0.37435)","(0.00000, 0.04395, 0.00000, 0.99903)","(-0.04163, 0.08415, -0.00356, 0.99303)","(-0.05716, 0.14820, -0.06015, 0.98288)","(0.03397, 0.09795, -0.03674, 0.99138)","(-0.03575, 0.03556, 0.01708, 0.99605)","(-0.06987, -0.00363, 0.04480, 0.99400)","(0.02832, -0.00588, -0.02970, 0.99661)",
"(0.32528, 0.06976, -0.04583, 0.93913)","(0.27524, -0.05565, -0.06378, 0.95492)","(-0.27191, 0.07275, -0.01437, 0.95946)","(0.06098, 0.64650, -0.23468, 0.71878)","(-0.13963, 0.76125, -0.21503, 0.58869)","(0.50714, -0.72099, -0.18337, -0.42752)","(0.00000, 0.04395, 0.00000, 0.99903)","(0.12373, -0.70761, -0.21917, 0.65473)","(-0.18984, -0.80525, -0.19476, 0.51767)","(-0.40383, -0.67961, -0.47582, 0.37637)","(0.00000, 0.04395, 0.00000, 0.99903)","(-0.04257, 0.08687, -0.00313, 0.99276)","(-0.05731, 0.14978, -0.06004, 0.98264)","(0.03401, 0.09800, -0.03665, 0.99138)","(-0.03580, 0.03413, 0.01822, 0.99608)","(-0.07089, -0.00261, 0.04462, 0.99394)","(0.02820, -0.00591, -0.02960, 0.99661)",
"(0.32985, 0.06974, -0.04644, 0.93750)","(0.27883, -0.05739, -0.06380, 0.95377)","(-0.27292, 0.07552, -0.01011, 0.95901)","(0.06365, 0.64602, -0.23484, 0.71892)","(-0.13811, 0.76197, -0.21400, 0.58849)","(0.50640, -0.72058, -0.18357, -0.42899)","(0.00000, 0.04395, 0.00000, 0.99903)","(0.12412, -0.70862, -0.21877, 0.65369)","(-0.18912, -0.80448, -0.19575, 0.51879)","(-0.40471, -0.67868, -0.47505, 0.37806)","(0.00000, 0.04395, 0.00000, 0.99903)","(-0.04176, 0.08706, -0.00327, 0.99277)","(-0.05768, 0.14907, -0.05958, 0.98275)","(0.03458, 0.09795, -0.03666, 0.99136)","(-0.03597, 0.03487, 0.01860, 0.99604)","(-0.07258, -0.00166, 0.04517, 0.99379)","(0.02823, -0.00589, -0.02965, 0.99661)",
"(0.33480, 0.06960, -0.04692, 0.93572)","(0.28207, -0.05935, -0.06397, 0.95269)","(-0.26464, 0.07789, -0.01098, 0.96113)","(0.06642, 0.64625, -0.23345, 0.71892)","(-0.13590, 0.76250, -0.21324, 0.58860)","(0.50574, -0.72064, -0.18300, -0.42991)","(0.00000, 0.04395, 0.00000, 0.99903)","(0.12493, -0.70907, -0.21900, 0.65296)","(-0.18791, -0.80337, -0.19726, 0.52040)","(-0.40434, -0.67851, -0.47557, 0.37810)","(0.00000, 0.04395, 0.00000, 0.99903)","(-0.04179, 0.08700, -0.00305, 0.99278)","(-0.05905, 0.14855, -0.05963, 0.98275)","(0.03496, 0.09797, -0.03664, 0.99135)","(-0.03719, 0.03485, 0.01888, 0.99599)","(-0.07434, -0.00172, 0.04593, 0.99363)","(0.02848, -0.00592, -0.02975, 0.99660)",
"(0.33809, 0.06945, -0.04682, 0.93455)","(0.28442, -0.06053, -0.06380, 0.95192)","(-0.26359, 0.07672, -0.00994, 0.96153)","(0.06835, 0.64651, -0.23148, 0.71914)","(-0.13404, 0.76339, -0.21125, 0.58859)","(0.50553, -0.72024, -0.18379, -0.43048)","(0.00000, 0.04395, 0.00000, 0.99903)","(0.12629, -0.70943, -0.21916, 0.65225)","(-0.18670, -0.80228, -0.19921, 0.52182)","(-0.40269, -0.67805, -0.47684, 0.37908)","(0.00000, 0.04395, 0.00000, 0.99903)","(-0.04293, 0.08711, -0.00220, 0.99272)","(-0.06011, 0.14862, -0.05969, 0.98267)","(0.03512, 0.09791, -0.03665, 0.99135)","(-0.03816, 0.03462, 0.01887, 0.99596)","(-0.07515, -0.00235, 0.04631, 0.99355)","(0.02851, -0.00593, -0.02966, 0.99660)",
"(0.34418, 0.06852, -0.04676, 0.93240)","(0.28924, -0.06247, -0.06325, 0.95038)","(-0.25838, 0.07707, -0.01510, 0.96285)","(0.07094, 0.64605, -0.23020, 0.71972)","(-0.13212, 0.76417, -0.20912, 0.58878)","(0.50349, -0.71947, -0.18443, -0.43388)","(0.00000, 0.04395, 0.00000, 0.99903)","(0.12721, -0.71018, -0.21921, 0.65123)","(-0.18522, -0.80121, -0.20122, 0.52324)","(-0.40211, -0.67652, -0.47638, 0.38296)","(0.00000, 0.04395, 0.00000, 0.99903)","(-0.04388, 0.08785, -0.00182, 0.99262)","(-0.06046, 0.14823, -0.05937, 0.98272)","(0.03653, 0.09745, -0.03684, 0.99133)","(-0.03831, 0.03260, 0.01931, 0.99601)","(-0.07490, -0.00317, 0.04618, 0.99357)","(0.02891, -0.00583, -0.02959, 0.99660)",
"(0.34937, 0.06715, -0.04717, 0.93054)","(0.29392, -0.06469, -0.06276, 0.94882)","(-0.26220, 0.07512, -0.01344, 0.96199)","(0.07518, 0.64567, -0.22663, 0.72077)","(-0.12832, 0.76541, -0.20567, 0.58923)","(0.49998, -0.71837, -0.18454, -0.43966)","(0.00000, 0.04395, 0.00000, 0.99903)","(0.12955, -0.71164, -0.21936, 0.64910)","(-0.18245, -0.79900, -0.20393, 0.52662)","(-0.40023, -0.67519, -0.47954, 0.38332)","(0.00000, 0.04395, 0.00000, 0.99903)","(-0.04409, 0.08780, -0.00164, 0.99261)","(-0.06089, 0.14743, -0.05910, 0.98283)","(0.03885, 0.09703, -0.03717, 0.99127)","(-0.03792, 0.03151, 0.01906, 0.99607)","(-0.07604, -0.00374, 0.04595, 0.99349)","(0.03003, -0.00561, -0.02958, 0.99656)",
"(0.35320, 0.06632, -0.04726, 0.92915)","(0.29843, -0.06714, -0.06257, 0.94725)","(-0.25825, 0.07430, -0.01452, 0.96311)","(0.07803, 0.64528, -0.22482, 0.72138)","(-0.12556, 0.76581, -0.20308, 0.59021)","(0.49833, -0.71730, -0.18577, -0.44273)","(0.00000, 0.04395, 0.00000, 0.99903)","(0.13022, -0.71182, -0.22022, 0.64847)","(-0.18116, -0.79795, -0.20652, 0.52766)","(-0.39743, -0.67512, -0.48212, 0.38312)","(0.00000, 0.04395, 0.00000, 0.99903)","(-0.04453, 0.08582, -0.00129, 0.99277)","(-0.06241, 0.14540, -0.05925, 0.98303)","(0.04146, 0.09646, -0.03767, 0.99120)","(-0.03822, 0.03120, 0.01860, 0.99608)","(-0.07773, -0.00316, 0.04573, 0.99337)","(0.03161, -0.00519, -0.02938, 0.99652)",
"(0.35739, 0.06536, -0.04746, 0.92759)","(0.30233, -0.06960, -0.06278, 0.94582)","(-0.25520, 0.07754, -0.01222, 0.96370)","(0.08181, 0.64462, -0.22358, 0.72195)","(-0.12264, 0.76589, -0.20070, 0.59155)","(0.49519, -0.71680, -0.18679, -0.44662)","(0.00000, 0.04395, 0.00000, 0.99903)","(0.13199, -0.71263, -0.22063, 0.64706)","(-0.17995, -0.79672, -0.20878, 0.52908)","(-0.39505, -0.67422, -0.48322, 0.38576)","(0.00000, 0.04395, 0.00000, 0.99903)","(-0.04639, 0.08587, -0.00090, 0.99268)","(-0.06422, 0.14506, -0.05972, 0.98294)","(0.04469, 0.09606, -0.03845, 0.99107)","(-0.03966, 0.03066, 0.01876, 0.99603)","(-0.07907, -0.00388, 0.04603, 0.99325)","(0.03330, -0.00470, -0.02859, 0.99649)",
"(0.36216, 0.06341, -0.04808, 0.92584)","(0.30588, -0.07200, -0.06225, 0.94453)","(-0.25357, 0.07752, -0.01175, 0.96413)","(0.08466, 0.64416, -0.22045, 0.72300)","(-0.11961, 0.76598, -0.19889, 0.59269)","(0.49273, -0.71628, -0.18658, -0.45024)","(0.00000, 0.04395, 0.00000, 0.99903)","(0.13378, -0.71378, -0.22037, 0.64550)","(-0.17813, -0.79540, -0.21063, 0.53098)","(-0.39372, -0.67335, -0.48375, 0.38796)","(0.00000, 0.04395, 0.00000, 0.99903)","(-0.04801, 0.08686, -0.00089, 0.99251)","(-0.06444, 0.14524, -0.05989, 0.98289)","(0.04835, 0.09596, -0.03914, 0.99088)","(-0.04035, 0.02869, 0.01914, 0.99606)","(-0.07889, -0.00604, 0.04609, 0.99325)","(0.03513, -0.00437, -0.02775, 0.99646)",
"(0.36630, 0.06128, -0.04856, 0.92433)","(0.31229, -0.07692, -0.06240, 0.94203)","(-0.24817, 0.07906, -0.01247, 0.96541)","(0.08993, 0.64266, -0.21739, 0.72463)","(-0.11412, 0.76577, -0.19668, 0.59480)","(0.48814, -0.71637, -0.18814, -0.45443)","(0.00000, 0.04395, 0.00000, 0.99903)","(0.13452, -0.71508, -0.22120, 0.64360)","(-0.17515, -0.79322, -0.21467, 0.53366)","(-0.39087, -0.67339, -0.48619, 0.38771)","(0.00000, 0.04395, 0.00000, 0.99903)","(-0.04936, 0.08723, -0.00014, 0.99242)","(-0.06475, 0.14668, -0.06038, 0.98262)","(0.05136, 0.09677, -0.03911, 0.99065)","(-0.04019, 0.02558, 0.01927, 0.99614)","(-0.07886, -0.00960, 0.04677, 0.99320)","(0.03668, -0.00425, -0.02691, 0.99642)",
"(0.36917, 0.06054, -0.04919, 0.92320)","(0.31488, -0.07994, -0.06304, 0.94087)","(-0.24831, 0.07688, -0.01215, 0.96555)","(0.09451, 0.64147, -0.21594, 0.72554)","(-0.11016, 0.76544, -0.19425, 0.59679)","(0.48518, -0.71518, -0.18998, -0.45868)","(0.00000, 0.04395, 0.00000, 0.99903)","(0.13560, -0.71555, -0.22237, 0.64244)","(-0.17273, -0.79159, -0.21849, 0.53534)","(-0.38894, -0.67235, -0.48790, 0.38930)","(0.00000, 0.04395, 0.00000, 0.99903)","(-0.04962, 0.08783, 0.00042, 0.99235)","(-0.06361, 0.14565, -0.05949, 0.98290)","(0.05170, 0.09660, -0.03911, 0.99065)","(-0.04022, 0.02513, 0.01905, 0.99616)","(-0.07858, -0.00922, 0.04734, 0.99319)","(0.03684, -0.00430, -0.02696, 0.99642)",
"(0.37251, 0.06025, -0.04980, 0.92184)","(0.31678, -0.08194, -0.06297, 0.94006)","(-0.24343, 0.07728, -0.01235, 0.96676)","(0.09689, 0.64039, -0.21462, 0.72658)","(-0.10605, 0.76496, -0.19334, 0.59847)","(0.48063, -0.71419, -0.19050, -0.46473)","(0.00000, 0.04395, 0.00000, 0.99903)","(0.13660, -0.71710, -0.22168, 0.64072)","(-0.17027, -0.79090, -0.21965, 0.53672)","(-0.38784, -0.67016, -0.48951, 0.39211)","(0.00000, 0.04395, 0.00000, 0.99903)","(-0.04914, 0.08764, 0.00046, 0.99239)","(-0.06316, 0.14263, -0.05932, 0.98339)","(0.05205, 0.09597, -0.03936, 0.99069)","(-0.03940, 0.02676, 0.01899, 0.99615)","(-0.07810, -0.00727, 0.04725, 0.99325)","(0.03704, -0.00441, -0.02749, 0.99639)",
"(0.37583, 0.06002, -0.05017, 0.92048)","(0.31892, -0.08387, -0.06325, 0.93914)","(-0.23743, 0.07492, -0.01553, 0.96839)","(0.09899, 0.63916, -0.21412, 0.72753)","(-0.10404, 0.76412, -0.19196, 0.60037)","(0.47717, -0.71301, -0.19099, -0.46987)","(0.00000, 0.04395, 0.00000, 0.99903)","(0.13800, -0.71842, -0.22063, 0.63929)","(-0.17027, -0.79090, -0.21965, 0.53672)","(-0.38574, -0.67016, -0.49173, 0.39140)","(0.00000, 0.04395, 0.00000, 0.99903)","(-0.04945, 0.08626, 0.00057, 0.99250)","(-0.06407, 0.14167, -0.06015, 0.98342)","(0.05216, 0.09579, -0.03935, 0.99070)","(-0.03917, 0.02949, 0.01919, 0.99608)","(-0.07929, -0.00477, 0.04742, 0.99317)","(0.03747, -0.00444, -0.02780, 0.99637)",
"(0.37962, 0.05966, -0.05031, 0.91894)","(0.32157, -0.08553, -0.06355, 0.93807)","(-0.23329, 0.07712, -0.01918, 0.96915)","(0.10060, 0.63869, -0.21314, 0.72801)","(-0.10280, 0.76336, -0.18993, 0.60221)","(0.47773, -0.71098, -0.18972, -0.47288)","(0.00000, 0.04395, 0.00000, 0.99903)","(0.13859, -0.71900, -0.22086, 0.63841)","(-0.16563, -0.78887, -0.22397, 0.53941)","(-0.38422, -0.66984, -0.49305, 0.39179)","(0.00000, 0.04395, 0.00000, 0.99903)","(-0.05095, 0.08662, 0.00028, 0.99239)","(-0.06471, 0.14195, -0.06099, 0.98328)","(0.05185, 0.09640, -0.03885, 0.99067)","(-0.04142, 0.02977, 0.01969, 0.99597)","(-0.08122, -0.00439, 0.04847, 0.99296)","(0.03725, -0.00464, -0.02792, 0.99637)",
"(0.38486, 0.05891, -0.05089, 0.91677)","(0.32458, -0.08703, -0.06380, 0.93687)","(-0.23503, 0.06940, -0.01588, 0.96938)","(0.10187, 0.63917, -0.21124, 0.72797)","(-0.10147, 0.76214, -0.18714, 0.60488)","(0.48169, -0.70563, -0.19231, -0.47577)","(0.00000, 0.04395, 0.00000, 0.99903)","(0.13885, -0.72128, -0.21976, 0.63614)","(-0.16251, -0.78800, -0.22444, 0.54147)","(-0.38395, -0.66873, -0.49115, 0.39630)","(0.00000, 0.04395, 0.00000, 0.99903)","(-0.05113, 0.08695, 0.00047, 0.99235)","(-0.06480, 0.14113, -0.06054, 0.98342)","(0.05070, 0.09676, -0.03836, 0.99072)","(-0.04213, 0.02672, 0.01973, 0.99603)","(-0.08091, -0.00601, 0.04836, 0.99298)","(0.03671, -0.00490, -0.02835, 0.99638)",
"(0.38842, 0.05863, -0.05107, 0.91527)","(0.32697, -0.08763, -0.06450, 0.93593)","(-0.23551, 0.06904, -0.01301, 0.96933)","(0.10288, 0.63869, -0.21196, 0.72803)","(-0.10011, 0.76188, -0.18773, 0.60526)","(0.48257, -0.70470, -0.19226, -0.47626)","(0.00000, 0.04395, 0.00000, 0.99903)","(0.13883, -0.72208, -0.21929, 0.63539)","(-0.16127, -0.78714, -0.22525, 0.54279)","(-0.38391, -0.66865, -0.49084, 0.39684)","(0.00000, 0.04395, 0.00000, 0.99903)","(-0.05051, 0.08552, 0.00053, 0.99251)","(-0.06628, 0.13884, -0.06020, 0.98367)","(0.04953, 0.09659, -0.03820, 0.99080)","(-0.04140, 0.02537, 0.02020, 0.99608)","(-0.08166, -0.00676, 0.04854, 0.99291)","(0.03631, -0.00510, -0.02855, 0.99639)",
"(0.39072, 0.05865, -0.05096, 0.91429)","(0.32855, -0.08800, -0.06511, 0.93530)","(-0.23348, 0.06608, -0.01538, 0.96999)","(0.10507, 0.63835, -0.21285, 0.72776)","(-0.09941, 0.76156, -0.18694, 0.60603)","(0.48331, -0.70369, -0.19289, -0.47674)","(0.00000, 0.04395, 0.00000, 0.99903)","(0.13752, -0.72254, -0.21937, 0.63512)","(-0.15962, -0.78548, -0.22636, 0.54525)","(-0.38201, -0.66844, -0.49182, 0.39782)","(0.00000, 0.04395, 0.00000, 0.99903)","(-0.05145, 0.08301, 0.00074, 0.99267)","(-0.06847, 0.13757, -0.06022, 0.98370)","(0.04761, 0.09657, -0.03793, 0.99091)","(-0.04227, 0.02395, 0.02054, 0.99607)","(-0.08351, -0.00736, 0.04931, 0.99271)","(0.03601, -0.00529, -0.02862, 0.99639)",
"(0.39584, 0.05908, -0.05096, 0.91205)","(0.33116, -0.08865, -0.06594, 0.93426)","(-0.21485, 0.06608, -0.01531, 0.97429)","(0.10536, 0.63947, -0.21258, 0.72681)","(-0.09894, 0.76144, -0.18579, 0.60661)","(0.48228, -0.70295, -0.19748, -0.47698)","(0.00000, 0.04395, 0.00000, 0.99903)","(0.13759, -0.72242, -0.21947, 0.63521)","(-0.15835, -0.78463, -0.22707, 0.54658)","(-0.38188, -0.66723, -0.49190, 0.39986)","(0.00000, 0.04395, 0.00000, 0.99903)","(-0.05416, 0.08212, 0.00203, 0.99260)","(-0.06993, 0.13763, -0.06048, 0.98357)","(0.04598, 0.09675, -0.03772, 0.99097)","(-0.04391, 0.02277, 0.02093, 0.99602)","(-0.08455, -0.00799, 0.04959, 0.99260)","(0.03576, -0.00545, -0.02871, 0.99640)",
"(0.40213, 0.05988, -0.05077, 0.90925)","(0.33465, -0.08765, -0.06563, 0.93313)","(-0.23085, 0.06062, -0.01681, 0.97095)","(0.10617, 0.64019, -0.21336, 0.72582)","(-0.09961, 0.76173, -0.18531, 0.60629)","(0.48056, -0.70271, -0.19929, -0.47832)","(0.00000, 0.04395, 0.00000, 0.99903)","(0.13927, -0.72289, -0.21780, 0.63488)","(-0.15565, -0.78354, -0.22644, 0.54923)","(-0.38279, -0.66573, -0.49185, 0.40151)","(0.00000, 0.04395, 0.00000, 0.99903)","(-0.05519, 0.08356, 0.00229, 0.99242)","(-0.07185, 0.13781, -0.06023, 0.98342)","(0.04514, 0.09747, -0.03716, 0.99096)","(-0.04543, 0.02125, 0.02137, 0.99598)","(-0.08565, -0.00830, 0.04978, 0.99250)","(0.03649, -0.00541, -0.02853, 0.99638)",
"(0.40566, 0.06049, -0.05043, 0.90765)","(0.33693, -0.08689, -0.06492, 0.93243)","(-0.21246, 0.05790, -0.01538, 0.97533)","(0.10695, 0.64097, -0.21254, 0.72526)","(-0.09924, 0.76201, -0.18536, 0.60598)","(0.47948, -0.70328, -0.20040, -0.47810)","(0.00000, 0.04395, 0.00000, 0.99903)","(0.14014, -0.72301, -0.21655, 0.63498)","(-0.15356, -0.78316, -0.22578, 0.55064)","(-0.38205, -0.66507, -0.49409, 0.40056)","(0.00000, 0.04395, 0.00000, 0.99903)","(-0.05571, 0.08327, 0.00298, 0.99241)","(-0.07347, 0.13695, -0.05988, 0.98344)","(0.04513, 0.09742, -0.03712, 0.99097)","(-0.04638, 0.02084, 0.02158, 0.99594)","(-0.08764, -0.00832, 0.05043, 0.99229)","(0.03736, -0.00540, -0.02837, 0.99635)",
"(0.40897, 0.06129, -0.05032, 0.90612)","(0.33944, -0.08625, -0.06421, 0.93162)","(-0.22544, 0.05763, -0.01301, 0.97246)","(0.10865, 0.64219, -0.21141, 0.72425)","(-0.09866, 0.76219, -0.18374, 0.60634)","(0.47849, -0.70361, -0.20195, -0.47796)","(0.00000, 0.04395, 0.00000, 0.99903)","(0.14169, -0.72258, -0.21622, 0.63525)","(-0.15279, -0.78313, -0.22580, 0.55091)","(-0.38043, -0.66407, -0.49646, 0.40080)","(0.00000, 0.04395, 0.00000, 0.99903)","(-0.05741, 0.08137, 0.00405, 0.99247)","(-0.07501, 0.13551, -0.05972, 0.98354)","(0.04540, 0.09747, -0.03709, 0.99095)","(-0.04868, 0.02050, 0.02192, 0.99583)","(-0.08930, -0.00837, 0.05118, 0.99210)","(0.03837, -0.00517, -0.02778, 0.99633)",
"(0.41176, 0.06199, -0.05041, 0.90480)","(0.34201, -0.08543, -0.06319, 0.93083)","(-0.21240, 0.05676, -0.01551, 0.97541)","(0.10871, 0.64381, -0.20917, 0.72344)","(-0.09913, 0.76279, -0.18068, 0.60643)","(0.47891, -0.70251, -0.20460, -0.47801)","(0.00000, 0.04395, 0.00000, 0.99903)","(0.14473, -0.72228, -0.21638, 0.63484)","(-0.14956, -0.78246, -0.22765, 0.55200)","(-0.38043, -0.66216, -0.49707, 0.40318)","(0.00000, 0.04395, 0.00000, 0.99903)","(-0.05857, 0.08038, 0.00453, 0.99248)","(-0.07654, 0.13493, -0.05972, 0.98350)","(0.04492, 0.09778, -0.03694, 0.99095)","(-0.05109, 0.01936, 0.02285, 0.99571)","(-0.08917, -0.00912, 0.05169, 0.99208)","(0.03888, -0.00521, -0.02765, 0.99631)",
"(0.41429, 0.06314, -0.04983, 0.90359)","(0.34416, -0.08422, -0.06231, 0.93020)","(-0.20756, 0.05688, -0.01212, 0.97649)","(0.10853, 0.64530, -0.20627, 0.72297)","(-0.09958, 0.76362, -0.17662, 0.60651)","(0.47882, -0.70110, -0.20722, -0.47904)","(0.00000, 0.04395, 0.00000, 0.99903)","(0.14691, -0.72183, -0.21683, 0.63469)","(-0.14540, -0.78125, -0.22936, 0.55415)","(-0.37970, -0.66069, -0.49792, 0.40521)","(0.00000, 0.04395, 0.00000, 0.99903)","(-0.05954, 0.08039, 0.00556, 0.99242)","(-0.07713, 0.13453, -0.05932, 0.98353)","(0.04405, 0.09801, -0.03671, 0.99098)","(-0.05070, 0.01882, 0.02337, 0.99573)","(-0.08875, -0.00916, 0.05163, 0.99212)","(0.03897, -0.00538, -0.02791, 0.99630)",
"(0.41756, 0.06378, -0.04897, 0.90208)","(0.34692, -0.08238, -0.06113, 0.92942)","(-0.20416, 0.05882, -0.00778, 0.97714)","(0.10916, 0.64724, -0.20292, 0.72208)","(-0.09893, 0.76427, -0.17255, 0.60697)","(0.47827, -0.69974, -0.20961, -0.48052)","(0.00000, 0.04395, 0.00000, 0.99903)","(0.14893, -0.71970, -0.21920, 0.63584)","(-0.14456, -0.78082, -0.23000, 0.55472)","(-0.37748, -0.65856, -0.50138, 0.40645)","(0.00000, 0.04395, 0.00000, 0.99903)","(-0.06006, 0.07991, 0.00632, 0.99242)","(-0.07891, 0.13298, -0.05931, 0.98360)","(0.04407, 0.09799, -0.03669, 0.99098)","(-0.05133, 0.01919, 0.02363, 0.99568)","(-0.09079, -0.00885, 0.05234, 0.99190)","(0.03884, -0.00557, -0.02812, 0.99630)",
"(0.41996, 0.06332, -0.04901, 0.90100)","(0.34906, -0.08139, -0.06012, 0.92877)","(-0.19808, 0.05679, -0.00818, 0.97851)","(0.11076, 0.64803, -0.20057, 0.72178)","(-0.09742, 0.76500, -0.16924, 0.60723)","(0.47718, -0.69898, -0.21207, -0.48163)","(0.00000, 0.04395, 0.00000, 0.99903)","(0.15087, -0.71829, -0.21985, 0.63676)","(-0.14077, -0.77904, -0.23364, 0.55671)","(-0.37632, -0.65757, -0.50261, 0.40759)","(0.00000, 0.04395, 0.00000, 0.99903)","(-0.06171, 0.07856, 0.00661, 0.99243)","(-0.08031, 0.13213, -0.05982, 0.98357)","(0.04366, 0.09809, -0.03677, 0.99098)","(-0.05384, 0.01851, 0.02388, 0.99556)","(-0.09194, -0.00920, 0.05291, 0.99176)","(0.03828, -0.00564, -0.02814, 0.99632)",
"(0.42165, 0.06268, -0.04844, 0.90028)","(0.35141, -0.08116, -0.05972, 0.92793)","(-0.19848, 0.05754, -0.00901, 0.97837)","(0.11214, 0.64899, -0.19820, 0.72137)","(-0.09623, 0.76562, -0.16602, 0.60754)","(0.47625, -0.69783, -0.21630, -0.48231)","(0.00000, 0.04395, 0.00000, 0.99903)","(0.15286, -0.71736, -0.22036, 0.63717)","(-0.13986, -0.77803, -0.23544, 0.55760)","(-0.37636, -0.65647, -0.50237, 0.40961)","(0.00000, 0.04395, 0.00000, 0.99903)","(-0.06400, 0.07817, 0.00732, 0.99231)","(-0.08138, 0.13224, -0.06062, 0.98342)","(0.04234, 0.09845, -0.03677, 0.99100)","(-0.05379, 0.01741, 0.02362, 0.99558)","(-0.09118, -0.00877, 0.05190, 0.99189)","(0.03751, -0.00599, -0.02857, 0.99634)",
"(0.42325, 0.06193, -0.04797, 0.89960)","(0.35345, -0.08119, -0.05959, 0.92715)","(-0.19249, 0.05679, -0.00842, 0.97962)","(0.11437, 0.64885, -0.19761, 0.72130)","(-0.09419, 0.76630, -0.16522, 0.60721)","(0.47539, -0.69716, -0.21882, -0.48299)","(0.00000, 0.04395, 0.00000, 0.99903)","(0.15300, -0.71678, -0.22183, 0.63727)","(-0.13892, -0.77667, -0.23697, 0.55912)","(-0.37646, -0.65620, -0.50240, 0.40990)","(0.00000, 0.04395, 0.00000, 0.99903)","(-0.06492, 0.07882, 0.00764, 0.99219)","(-0.08116, 0.13313, -0.06113, 0.98329)","(0.04112, 0.09884, -0.03677, 0.99102)","(-0.05227, 0.01789, 0.02331, 0.99566)","(-0.09078, -0.00708, 0.05083, 0.99200)","(0.03622, -0.00642, -0.02923, 0.99636)",
"(0.42586, 0.06040, -0.04845, 0.89845)","(0.35605, -0.08171, -0.05959, 0.92611)","(-0.19281, 0.05840, -0.00877, 0.97946)","(0.11665, 0.64798, -0.19728, 0.72182)","(-0.09096, 0.76706, -0.16559, 0.60664)","(0.47150, -0.69886, -0.22220, -0.48282)","(0.00000, 0.04395, 0.00000, 0.99903)","(0.15206, -0.71609, -0.22401, 0.63751)","(-0.13850, -0.77495, -0.23911, 0.56072)","(-0.37671, -0.65589, -0.50308, 0.40933)","(0.00000, 0.04395, 0.00000, 0.99903)","(-0.06490, 0.08009, 0.00622, 0.99210)","(-0.08149, 0.13347, -0.06152, 0.98319)","(0.04047, 0.09932, -0.03682, 0.99099)","(-0.05227, 0.02210, 0.02191, 0.99561)","(-0.09389, -0.00194, 0.05028, 0.99176)","(0.03500, -0.00685, -0.03025, 0.99637)",
"(0.42679, 0.05925, -0.04912, 0.89804)","(0.35807, -0.08213, -0.06065, 0.92522)","(-0.19079, 0.05559, -0.00998, 0.98000)","(0.11884, 0.64699, -0.19741, 0.72231)","(-0.09059, 0.76761, -0.16446, 0.60630)","(0.46741, -0.70119, -0.22525, -0.48203)","(0.00000, 0.04395, 0.00000, 0.99903)","(0.15196, -0.71645, -0.22473, 0.63687)","(-0.13829, -0.77380, -0.24119, 0.56148)","(-0.37740, -0.65522, -0.50291, 0.40996)","(0.00000, 0.04395, 0.00000, 0.99903)","(-0.06564, 0.08084, 0.00637, 0.99199)","(-0.08296, 0.13447, -0.06244, 0.98287)","(0.04002, 0.09954, -0.03683, 0.99099)","(-0.05407, 0.02417, 0.02114, 0.99548)","(-0.09670, 0.00133, 0.05066, 0.99147)","(0.03483, -0.00676, -0.03034, 0.99638)",
"(0.42744, 0.05871, -0.04891, 0.89778)","(0.35896, -0.08311, -0.06201, 0.92470)","(-0.18951, 0.05584, -0.00803, 0.98026)","(0.12056, 0.64707, -0.19620, 0.72228)","(-0.09058, 0.76751, -0.16390, 0.60658)","(0.46635, -0.70312, -0.22602, -0.47989)","(0.00000, 0.04395, 0.00000, 0.99903)","(0.15228, -0.71680, -0.22556, 0.63610)","(-0.13920, -0.77267, -0.24328, 0.56192)","(-0.37871, -0.65431, -0.50318, 0.40987)","(0.00000, 0.04395, 0.00000, 0.99903)","(-0.06690, 0.08220, 0.00635, 0.99180)","(-0.08394, 0.13563, -0.06364, 0.98255)","(0.03960, 0.09963, -0.03695, 0.99099)","(-0.05502, 0.02485, 0.02061, 0.99543)","(-0.09790, 0.00291, 0.05053, 0.99135)","(0.03479, -0.00675, -0.03034, 0.99638)",
"(0.42752, 0.05832, -0.04899, 0.89776)","(0.35963, -0.08385, -0.06322, 0.92429)","(-0.18154, 0.05663, -0.01102, 0.98169)","(0.12107, 0.64728, -0.19550, 0.72220)","(-0.08894, 0.76791, -0.16471, 0.60610)","(0.46714, -0.70311, -0.22601, -0.47915)","(0.00000, 0.04395, 0.00000, 0.99903)","(0.15148, -0.71651, -0.22727, 0.63601)","(-0.14017, -0.77216, -0.24424, 0.56196)","(-0.37905, -0.65394, -0.50456, 0.40843)","(0.00000, 0.04395, 0.00000, 0.99903)","(-0.06727, 0.08292, 0.00569, 0.99171)","(-0.08405, 0.13639, -0.06401, 0.98241)","(0.04001, 0.09980, -0.03694, 0.99096)","(-0.05504, 0.02561, 0.02021, 0.99541)","(-0.09785, 0.00420, 0.05014, 0.99137)","(0.03474, -0.00674, -0.03021, 0.99638)",
"(0.42759, 0.05780, -0.05015, 0.89770)","(0.35993, -0.08378, -0.06403, 0.92412)","(-0.18263, 0.05877, -0.00992, 0.98137)","(0.12317, 0.64687, -0.19663, 0.72190)","(-0.08857, 0.76848, -0.16466, 0.60543)","(0.46609, -0.70298, -0.22647, -0.48015)","(0.00000, 0.04395, 0.00000, 0.99903)","(0.15124, -0.71616, -0.22890, 0.63587)","(-0.14035, -0.77193, -0.24542, 0.56171)","(-0.37882, -0.65385, -0.50542, 0.40773)","(0.00000, 0.04395, 0.00000, 0.99903)","(-0.06710, 0.08327, 0.00578, 0.99170)","(-0.08376, 0.13685, -0.06327, 0.98242)","(0.04082, 0.09976, -0.03700, 0.99093)","(-0.05526, 0.02721, 0.02009, 0.99536)","(-0.09900, 0.00571, 0.05047, 0.99124)","(0.03514, -0.00673, -0.03026, 0.99637)",
"(0.42748, 0.05811, -0.05051, 0.89771)","(0.35935, -0.08364, -0.06504, 0.92429)","(-0.17976, 0.05575, -0.01441, 0.98202)","(0.12311, 0.64758, -0.19572, 0.72152)","(-0.08688, 0.76885, -0.16402, 0.60538)","(0.46293, -0.70441, -0.22676, -0.48099)","(0.00000, 0.04395, 0.00000, 0.99903)","(0.15195, -0.71647, -0.22962, 0.63509)","(-0.14008, -0.77205, -0.24662, 0.56108)","(-0.37875, -0.65232, -0.50720, 0.40802)","(0.00000, 0.04395, 0.00000, 0.99903)","(-0.06689, 0.08387, 0.00604, 0.99166)","(-0.08358, 0.13726, -0.06296, 0.98240)","(0.04123, 0.09964, -0.03720, 0.99092)","(-0.05702, 0.02735, 0.02026, 0.99525)","(-0.09992, 0.00567, 0.05096, 0.99112)","(0.03574, -0.00666, -0.03011, 0.99635)",
"(0.42737, 0.05851, -0.05059, 0.89773)","(0.35972, -0.08302, -0.06555, 0.92417)","(-0.17608, 0.05602, -0.01511, 0.98266)","(0.12346, 0.64753, -0.19616, 0.72139)","(-0.08798, 0.76951, -0.16291, 0.60467)","(0.46233, -0.70505, -0.22758, -0.48024)","(0.00000, 0.04395, 0.00000, 0.99903)","(0.15245, -0.71645, -0.23019, 0.63478)","(-0.14065, -0.77174, -0.24716, 0.56112)","(-0.37871, -0.65258, -0.50841, 0.40613)","(0.00000, 0.04395, 0.00000, 0.99903)","(-0.06723, 0.08478, 0.00618, 0.99156)","(-0.08365, 0.13775, -0.06302, 0.98232)","(0.04201, 0.09958, -0.03736, 0.99088)","(-0.05702, 0.02664, 0.02003, 0.99528)","(-0.09904, 0.00551, 0.05056, 0.99123)","(0.03652, -0.00639, -0.02992, 0.99633)",
"(0.42788, 0.05872, -0.05096, 0.89745)","(0.35958, -0.08214, -0.06606, 0.92426)","(-0.17898, 0.05724, -0.01277, 0.98210)","(0.12461, 0.64791, -0.19581, 0.72094)","(-0.08833, 0.77002, -0.16316, 0.60389)","(0.46308, -0.70533, -0.22701, -0.47937)","(0.00000, 0.04395, 0.00000, 0.99903)","(0.15147, -0.71606, -0.23120, 0.63509)","(-0.14117, -0.77174, -0.24696, 0.56108)","(-0.37854, -0.65270, -0.50927, 0.40501)","(0.00000, 0.04395, 0.00000, 0.99903)","(-0.06689, 0.08494, 0.00599, 0.99157)","(-0.08293, 0.13830, -0.06239, 0.98234)","(0.04260, 0.09955, -0.03757, 0.99085)","(-0.05633, 0.02733, 0.02013, 0.99530)","(-0.09843, 0.00583, 0.05061, 0.99128)","(0.03726, -0.00616, -0.02969, 0.99631)",
"(0.42779, 0.05907, -0.05102, 0.89747)","(0.35923, -0.08153, -0.06636, 0.92443)","(-0.17667, 0.05646, -0.01483, 0.98254)","(0.12490, 0.64875, -0.19515, 0.72031)","(-0.08750, 0.77050, -0.16357, 0.60328)","(0.46530, -0.70532, -0.22687, -0.47731)","(0.00000, 0.04395, 0.00000, 0.99903)","(0.15049, -0.71567, -0.23203, 0.63547)","(-0.14160, -0.77162, -0.24690, 0.56117)","(-0.37745, -0.65306, -0.50970, 0.40492)","(0.00000, 0.04395, 0.00000, 0.99903)","(-0.06612, 0.08513, 0.00581, 0.99160)","(-0.08183, 0.13857, -0.06177, 0.98244)","(0.04208, 0.09973, -0.03751, 0.99086)","(-0.05648, 0.02781, 0.02041, 0.99527)","(-0.09795, 0.00573, 0.05099, 0.99131)","(0.03740, -0.00624, -0.02970, 0.99631)",
"(0.42803, 0.05971, -0.05146, 0.89729)","(0.35950, -0.08065, -0.06688, 0.92437)","(-0.17454, 0.05983, -0.01423, 0.98273)","(0.12581, 0.64912, -0.19561, 0.71969)","(-0.08702, 0.77152, -0.16295, 0.60220)","(0.46488, -0.70542, -0.22843, -0.47682)","(0.00000, 0.04395, 0.00000, 0.99903)","(0.15062, -0.71519, -0.23237, 0.63586)","(-0.14138, -0.77087, -0.24723, 0.56212)","(-0.37785, -0.65230, -0.50818, 0.40766)","(0.00000, 0.04395, 0.00000, 0.99903)","(-0.06600, 0.08715, 0.00616, 0.99143)","(-0.08248, 0.13979, -0.06181, 0.98221)","(0.04123, 0.10009, -0.03729, 0.99087)","(-0.05624, 0.02800, 0.01990, 0.99529)","(-0.09782, 0.00631, 0.05117, 0.99131)","(0.03633, -0.00636, -0.02961, 0.99635)",
"(0.42880, 0.05951, -0.05171, 0.89692)","(0.35906, -0.07995, -0.06693, 0.92459)","(-0.17163, 0.05779, -0.01444, 0.98336)","(0.12551, 0.64996, -0.19492, 0.71917)","(-0.08647, 0.77191, -0.16269, 0.60184)","(0.46283, -0.70616, -0.22886, -0.47752)","(0.00000, 0.04395, 0.00000, 0.99903)","(0.15059, -0.71489, -0.23210, 0.63631)","(-0.14043, -0.77015, -0.24712, 0.56341)","(-0.37778, -0.65221, -0.50811, 0.40795)","(0.00000, 0.04395, 0.00000, 0.99903)","(-0.06567, 0.08689, 0.00597, 0.99148)","(-0.08187, 0.13991, -0.06119, 0.98228)","(0.04105, 0.10028, -0.03727, 0.99086)","(-0.05614, 0.02859, 0.02073, 0.99526)","(-0.09763, 0.00689, 0.05146, 0.99131)","(0.03601, -0.00654, -0.02971, 0.99636)",
"(0.42861, 0.05951, -0.05164, 0.89701)","(0.35938, -0.07986, -0.06708, 0.92447)","(-0.17193, 0.05798, -0.01432, 0.98330)","(0.12564, 0.65049, -0.19443, 0.71880)","(-0.08647, 0.77287, -0.16157, 0.60091)","(0.46287, -0.70596, -0.22916, -0.47763)","(0.00000, 0.04395, 0.00000, 0.99903)","(0.14944, -0.71397, -0.23289, 0.63733)","(-0.14017, -0.76939, -0.24736, 0.56443)","(-0.37712, -0.65235, -0.50849, 0.40787)","(0.00000, 0.04395, 0.00000, 0.99903)","(-0.06537, 0.08643, 0.00586, 0.99154)","(-0.08188, 0.14039, -0.06093, 0.98223)","(0.04038, 0.10064, -0.03718, 0.99085)","(-0.05642, 0.02838, 0.02110, 0.99524)","(-0.09808, 0.00696, 0.05168, 0.99126)","(0.03553, -0.00679, -0.02991, 0.99637)",
"(0.42882, 0.05970, -0.05176, 0.89689)","(0.36030, -0.07981, -0.06736, 0.92409)","(-0.17195, 0.05883, -0.01499, 0.98323)","(0.12701, 0.65071, -0.19420, 0.71842)","(-0.08597, 0.77351, -0.16103, 0.60029)","(0.46380, -0.70567, -0.22929, -0.47710)","(0.00000, 0.04395, 0.00000, 0.99903)","(0.14934, -0.71305, -0.23393, 0.63800)","(-0.14073, -0.76841, -0.24851, 0.56513)","(-0.37723, -0.65159, -0.50801, 0.40956)","(0.00000, 0.04395, 0.00000, 0.99903)","(-0.06542, 0.08711, 0.00636, 0.99147)","(-0.08244, 0.14133, -0.06096, 0.98204)","(0.04016, 0.10090, -0.03706, 0.99084)","(-0.05674, 0.02818, 0.02054, 0.99524)","(-0.09865, 0.00714, 0.05181, 0.99119)","(0.03539, -0.00679, -0.02979, 0.99637)",
"(0.42983, 0.05943, -0.05191, 0.89642)","(0.36035, -0.07930, -0.06746, 0.92411)","(-0.17025, 0.06118, -0.01410, 0.98340)","(0.12813, 0.65109, -0.19357, 0.71804)","(-0.08379, 0.77366, -0.16126, 0.60034)","(0.46340, -0.70603, -0.23026, -0.47647)","(0.00000, 0.04395, 0.00000, 0.99903)","(0.14939, -0.71296, -0.23460, 0.63785)","(-0.14007, -0.76730, -0.24971, 0.56629)","(-0.37753, -0.65061, -0.50761, 0.41133)","(0.00000, 0.04395, 0.00000, 0.99903)","(-0.06540, 0.08704, 0.00638, 0.99148)","(-0.08266, 0.14134, -0.06046, 0.98206)","(0.04046, 0.10084, -0.03713, 0.99083)","(-0.05695, 0.02833, 0.02107, 0.99522)","(-0.09849, 0.00680, 0.05222, 0.99119)","(0.03577, -0.00682, -0.02980, 0.99636)",
"(0.42974, 0.05947, -0.05145, 0.89649)","(0.36172, -0.07938, -0.06746, 0.92357)","(-0.16863, 0.05989, -0.01668, 0.98372)","(0.12937, 0.65167, -0.19223, 0.71765)","(-0.08276, 0.77440, -0.15934, 0.60005)","(0.46190, -0.70579, -0.23272, -0.47710)","(0.00000, 0.04395, 0.00000, 0.99903)","(0.14908, -0.71226, -0.23612, 0.63815)","(-0.13969, -0.76579, -0.25220, 0.56734)","(-0.37724, -0.64961, -0.50887, 0.41159)","(0.00000, 0.04395, 0.00000, 0.99903)","(-0.06601, 0.08659, 0.00653, 0.99148)","(-0.08364, 0.14120, -0.06030, 0.98200)","(0.04052, 0.10095, -0.03708, 0.99082)","(-0.05731, 0.02781, 0.02102, 0.99521)","(-0.09907, 0.00635, 0.05248, 0.99112)","(0.03601, -0.00697, -0.02999, 0.99634)",
"(0.43015, 0.05957, -0.05162, 0.89627)","(0.36301, -0.07963, -0.06750, 0.92304)","(-0.16732, 0.06304, -0.01516, 0.98377)","(0.13045, 0.65217, -0.19051, 0.71745)","(-0.08201, 0.77471, -0.15760, 0.60020)","(0.46204, -0.70507, -0.23381, -0.47748)","(0.00000, 0.04395, 0.00000, 0.99903)","(0.15011, -0.71159, -0.23729, 0.63822)","(-0.13910, -0.76539, -0.25356, 0.56742)","(-0.37711, -0.64850, -0.50975, 0.41236)","(0.00000, 0.04395, 0.00000, 0.99903)","(-0.06666, 0.08663, 0.00685, 0.99143)","(-0.08397, 0.14191, -0.06006, 0.98189)","(0.04043, 0.10104, -0.03711, 0.99081)","(-0.05814, 0.02723, 0.02090, 0.99518)","(-0.09939, 0.00608, 0.05267, 0.99108)","(0.03601, -0.00695, -0.02992, 0.99635)",
"(0.43070, 0.05959, -0.05147, 0.89602)","(0.36309, -0.07937, -0.06750, 0.92302)","(-0.15958, 0.06376, -0.01516, 0.98501)","(0.13098, 0.65247, -0.18939, 0.71738)","(-0.08040, 0.77472, -0.15661, 0.60068)","(0.46103, -0.70443, -0.23565, -0.47849)","(0.00000, 0.04395, 0.00000, 0.99903)","(0.15127, -0.71192, -0.23701, 0.63768)","(-0.13786, -0.76507, -0.25418, 0.56789)","(-0.37686, -0.64719, -0.50987, 0.41449)","(0.00000, 0.04395, 0.00000, 0.99903)","(-0.06650, 0.08645, 0.00689, 0.99146)","(-0.08336, 0.14200, -0.05971, 0.98195)","(0.04036, 0.10111, -0.03715, 0.99081)","(-0.05838, 0.02702, 0.02158, 0.99516)","(-0.09927, 0.00505, 0.05302, 0.99108)","(0.03593, -0.00706, -0.02993, 0.99635)",
"(0.43078, 0.05956, -0.05106, 0.89600)","(0.36348, -0.07935, -0.06745, 0.92288)","(-0.15853, 0.06257, -0.01544, 0.98525)","(0.13159, 0.65230, -0.18911, 0.71750)","(-0.07967, 0.77488, -0.15559, 0.60083)","(0.45982, -0.70392, -0.23702, -0.47972)","(0.00000, 0.04395, 0.00000, 0.99903)","(0.15170, -0.71161, -0.23752, 0.63772)","(-0.13610, -0.76439, -0.25551, 0.56864)","(-0.37624, -0.64660, -0.51098, 0.41459)","(0.00000, 0.04395, 0.00000, 0.99903)","(-0.06637, 0.08654, 0.00667, 0.99146)","(-0.08422, 0.14179, -0.05962, 0.98191)","(0.04033, 0.10126, -0.03708, 0.99079)","(-0.05825, 0.02637, 0.02155, 0.99518)","(-0.09941, 0.00440, 0.05290, 0.99107)","(0.03586, -0.00728, -0.03006, 0.99635)",
"(0.43154, 0.05963, -0.05101, 0.89564)","(0.36505, -0.07970, -0.06712, 0.92225)","(-0.16166, 0.06105, -0.01708, 0.98481)","(0.13301, 0.65230, -0.18721, 0.71773)","(-0.07906, 0.77488, -0.15362, 0.60142)","(0.45904, -0.70382, -0.23805, -0.48011)","(0.00000, 0.04395, 0.00000, 0.99903)","(0.15290, -0.71048, -0.23908, 0.63813)","(-0.13585, -0.76411, -0.25702, 0.56840)","(-0.37459, -0.64628, -0.51296, 0.41413)","(0.00000, 0.04395, 0.00000, 0.99903)","(-0.06763, 0.08588, 0.00748, 0.99143)","(-0.08593, 0.14133, -0.05924, 0.98185)","(0.04051, 0.10121, -0.03719, 0.99079)","(-0.05895, 0.02638, 0.02098, 0.99515)","(-0.10010, 0.00460, 0.05298, 0.99100)","(0.03587, -0.00727, -0.02996, 0.99635)",
"(0.43163, 0.05952, -0.05071, 0.89562)","(0.36529, -0.07983, -0.06691, 0.92216)","(-0.15994, 0.05992, -0.01809, 0.98514)","(0.13375, 0.65241, -0.18623, 0.71776)","(-0.07735, 0.77461, -0.15322, 0.60210)","(0.45880, -0.70321, -0.23960, -0.48045)","(0.00000, 0.04395, 0.00000, 0.99903)","(0.15363, -0.71068, -0.23926, 0.63766)","(-0.13510, -0.76382, -0.25784, 0.56860)","(-0.37436, -0.64604, -0.51281, 0.41488)","(0.00000, 0.04395, 0.00000, 0.99903)","(-0.06828, 0.08576, 0.00748, 0.99139)","(-0.08570, 0.14192, -0.05969, 0.98176)","(0.04000, 0.10136, -0.03722, 0.99079)","(-0.05941, 0.02635, 0.02134, 0.99512)","(-0.09996, 0.00451, 0.05311, 0.99101)","(0.03554, -0.00738, -0.03002, 0.99636)",
"(0.43107, 0.05956, -0.05062, 0.89589)","(0.36614, -0.08017, -0.06654, 0.92182)","(-0.15956, 0.05968, -0.01732, 0.98523)","(0.13441, 0.65177, -0.18617, 0.71823)","(-0.07718, 0.77458, -0.15226, 0.60241)","(0.45862, -0.70224, -0.24093, -0.48137)","(0.00000, 0.04395, 0.00000, 0.99903)","(0.15335, -0.71067, -0.24008, 0.63742)","(-0.13457, -0.76330, -0.25851, 0.56912)","(-0.37417, -0.64536, -0.51181, 0.41733)","(0.00000, 0.04395, 0.00000, 0.99903)","(-0.06829, 0.08666, 0.00732, 0.99131)","(-0.08567, 0.14256, -0.05970, 0.98167)","(0.03950, 0.10167, -0.03712, 0.99078)","(-0.05918, 0.02611, 0.02104, 0.99515)","(-0.09999, 0.00467, 0.05274, 0.99102)","(0.03523, -0.00760, -0.03019, 0.99636)",
"(0.43093, 0.05999, -0.05064, 0.89592)","(0.36658, -0.08061, -0.06640, 0.92161)","(-0.15923, 0.05694, -0.02048, 0.98539)","(0.13463, 0.65141, -0.18537, 0.71873)","(-0.07722, 0.77410, -0.15150, 0.60323)","(0.45747, -0.70217, -0.24159, -0.48224)","(0.00000, 0.04395, 0.00000, 0.99903)","(0.15286, -0.71015, -0.24130, 0.63766)","(-0.13482, -0.76270, -0.25969, 0.56934)","(-0.37359, -0.64531, -0.51237, 0.41725)","(0.00000, 0.04395, 0.00000, 0.99903)","(-0.06802, 0.08673, 0.00740, 0.99133)","(-0.08558, 0.14279, -0.05941, 0.98166)","(0.03928, 0.10181, -0.03714, 0.99078)","(-0.05919, 0.02651, 0.02077, 0.99514)","(-0.10061, 0.00519, 0.05272, 0.99096)","(0.03524, -0.00761, -0.03022, 0.99636)",
"(0.43064, 0.06052, -0.05032, 0.89605)","(0.36669, -0.08083, -0.06645, 0.92155)","(-0.15768, 0.05795, -0.01930, 0.98560)","(0.13467, 0.65116, -0.18455, 0.71916)","(-0.07661, 0.77343, -0.15122, 0.60425)","(0.45681, -0.70218, -0.24179, -0.48275)","(0.00000, 0.04395, 0.00000, 0.99903)","(0.15241, -0.71033, -0.24232, 0.63718)","(-0.13483, -0.76246, -0.26072, 0.56918)","(-0.37304, -0.64526, -0.51307, 0.41696)","(0.00000, 0.04395, 0.00000, 0.99903)","(-0.06819, 0.08593, 0.00710, 0.99139)","(-0.08598, 0.14286, -0.05952, 0.98161)","(0.03883, 0.10198, -0.03719, 0.99078)","(-0.05987, 0.02650, 0.02105, 0.99509)","(-0.10124, 0.00498, 0.05321, 0.99087)","(0.03517, -0.00768, -0.03024, 0.99636)",
"(0.42954, 0.06102, -0.05009, 0.89656)","(0.36736, -0.08105, -0.06653, 0.92126)","(-0.15623, 0.05525, -0.01980, 0.98598)","(0.13489, 0.65060, -0.18390, 0.71979)","(-0.07684, 0.77309, -0.14956, 0.60508)","(0.45737, -0.70095, -0.24149, -0.48414)","(0.00000, 0.04395, 0.00000, 0.99903)","(0.15354, -0.71037, -0.24254, 0.63677)","(-0.13475, -0.76246, -0.26164, 0.56877)","(-0.37222, -0.64464, -0.51350, 0.41810)","(0.00000, 0.04395, 0.00000, 0.99903)","(-0.06881, 0.08652, 0.00743, 0.99129)","(-0.08683, 0.14390, -0.06011, 0.98134)","(0.03834, 0.10226, -0.03716, 0.99077)","(-0.06006, 0.02526, 0.02027, 0.99513)","(-0.10124, 0.00414, 0.05291, 0.99089)","(0.03513, -0.00778, -0.03023, 0.99636)",
"(0.42901, 0.06109, -0.05028, 0.89680)","(0.36742, -0.08091, -0.06634, 0.92126)","(-0.15630, 0.05600, -0.02033, 0.98591)","(0.13530, 0.65061, -0.18286, 0.71997)","(-0.07639, 0.77270, -0.14912, 0.60575)","(0.45763, -0.70068, -0.24166, -0.48419)","(0.00000, 0.04395, 0.00000, 0.99903)","(0.15349, -0.71025, -0.24347, 0.63657)","(-0.13495, -0.76215, -0.26267, 0.56867)","(-0.37152, -0.64445, -0.51428, 0.41806)","(0.00000, 0.04395, 0.00000, 0.99903)","(-0.06892, 0.08698, 0.00739, 0.99124)","(-0.08658, 0.14405, -0.05976, 0.98136)","(0.03845, 0.10228, -0.03729, 0.99076)","(-0.05995, 0.02557, 0.02037, 0.99513)","(-0.10127, 0.00474, 0.05257, 0.99090)","(0.03530, -0.00780, -0.03021, 0.99636)",
"(0.42869, 0.06130, -0.05018, 0.89694)","(0.36733, -0.08047, -0.06616, 0.92134)","(-0.15516, 0.05623, -0.02085, 0.98607)","(0.13559, 0.65063, -0.18222, 0.72006)","(-0.07581, 0.77243, -0.14871, 0.60627)","(0.45839, -0.69968, -0.24239, -0.48453)","(0.00000, 0.04395, 0.00000, 0.99903)","(0.15268, -0.71036, -0.24461, 0.63618)","(-0.13440, -0.76199, -0.26339, 0.56868)","(-0.37049, -0.64443, -0.51532, 0.41772)","(0.00000, 0.04395, 0.00000, 0.99903)","(-0.06889, 0.08680, 0.00712, 0.99126)","(-0.08642, 0.14391, -0.05961, 0.98141)","(0.03846, 0.10234, -0.03736, 0.99075)","(-0.06043, 0.02618, 0.02060, 0.99508)","(-0.10166, 0.00537, 0.05278, 0.99085)","(0.03535, -0.00781, -0.03018, 0.99636)",
"(0.42824, 0.06150, -0.05024, 0.89714)","(0.36718, -0.08014, -0.06592, 0.92145)","(-0.15748, 0.05302, -0.01954, 0.98590)","(0.13551, 0.65042, -0.18216, 0.72029)","(-0.07593, 0.77231, -0.14825, 0.60653)","(0.45798, -0.69942, -0.24251, -0.48525)","(0.00000, 0.04395, 0.00000, 0.99903)","(0.15322, -0.71034, -0.24479, 0.63601)","(-0.13395, -0.76203, -0.26358, 0.56864)","(-0.36979, -0.64424, -0.51585, 0.41798)","(0.00000, 0.04395, 0.00000, 0.99903)","(-0.06904, 0.08737, 0.00728, 0.99120)","(-0.08679, 0.14442, -0.05976, 0.98129)","(0.03823, 0.10251, -0.03734, 0.99074)","(-0.06102, 0.02611, 0.02049, 0.99505)","(-0.10201, 0.00524, 0.05323, 0.99079)","(0.03522, -0.00783, -0.03013, 0.99636)",
"(0.42779, 0.06195, -0.05013, 0.89733)","(0.36684, -0.07952, -0.06558, 0.92167)","(-0.15732, 0.05399, -0.01889, 0.98589)","(0.13570, 0.65066, -0.18110, 0.72030)","(-0.07608, 0.77184, -0.14761, 0.60727)","(0.45714, -0.69940, -0.24283, -0.48591)","(0.00000, 0.04395, 0.00000, 0.99903)","(0.15395, -0.71009, -0.24514, 0.63598)","(-0.13340, -0.76199, -0.26414, 0.56856)","(-0.36935, -0.64380, -0.51588, 0.41901)","(0.00000, 0.04395, 0.00000, 0.99903)","(-0.06896, 0.08778, 0.00754, 0.99117)","(-0.08635, 0.14514, -0.05936, 0.98125)","(0.03781, 0.10277, -0.03732, 0.99073)","(-0.06116, 0.02631, 0.02020, 0.99504)","(-0.10116, 0.00516, 0.05297, 0.99089)","(0.03515, -0.00790, -0.03011, 0.99636)",
"(0.42751, 0.06188, -0.04978, 0.89749)","(0.36645, -0.07901, -0.06516, 0.92190)","(-0.15509, 0.05566, -0.01816, 0.98616)","(0.13549, 0.65104, -0.18041, 0.72017)","(-0.07555, 0.77181, -0.14700, 0.60753)","(0.45774, -0.69849, -0.24412, -0.48600)","(0.00000, 0.04395, 0.00000, 0.99903)","(0.15365, -0.71002, -0.24560, 0.63595)","(-0.13300, -0.76170, -0.26436, 0.56894)","(-0.36878, -0.64373, -0.51575, 0.41976)","(0.00000, 0.04395, 0.00000, 0.99903)","(-0.06882, 0.08784, 0.00752, 0.99117)","(-0.08648, 0.14525, -0.05930, 0.98122)","(0.03758, 0.10290, -0.03732, 0.99072)","(-0.06079, 0.02636, 0.02049, 0.99505)","(-0.10103, 0.00565, 0.05296, 0.99090)","(0.03483, -0.00800, -0.03016, 0.99637)",
"(0.42737, 0.06158, -0.04989, 0.89757)","(0.36635, -0.07884, -0.06491, 0.92196)","(-0.15439, 0.05701, -0.01758, 0.98621)","(0.13562, 0.65108, -0.18050, 0.72009)","(-0.07542, 0.77199, -0.14626, 0.60749)","(0.45762, -0.69778, -0.24504, -0.48665)","(0.00000, 0.04395, 0.00000, 0.99903)","(0.15316, -0.70964, -0.24619, 0.63628)","(-0.13242, -0.76144, -0.26421, 0.56950)","(-0.36783, -0.64394, -0.51614, 0.41982)","(0.00000, 0.04395, 0.00000, 0.99903)","(-0.06893, 0.08754, 0.00754, 0.99119)","(-0.08673, 0.14553, -0.05932, 0.98116)","(0.03738, 0.10309, -0.03729, 0.99071)","(-0.06098, 0.02654, 0.02060, 0.99503)","(-0.10210, 0.00578, 0.05360, 0.99076)","(0.03478, -0.00807, -0.03017, 0.99637)",
"(0.42746, 0.06170, -0.04985, 0.89752)","(0.36632, -0.07871, -0.06482, 0.92200)","(-0.15539, 0.05695, -0.01674, 0.98607)","(0.13617, 0.65089, -0.18076, 0.72009)","(-0.07501, 0.77184, -0.14675, 0.60762)","(0.45600, -0.69842, -0.24516, -0.48722)","(0.00000, 0.04395, 0.00000, 0.99903)","(0.15271, -0.70947, -0.24674, 0.63635)","(-0.13231, -0.76104, -0.26471, 0.56983)","(-0.36751, -0.64385, -0.51570, 0.42076)","(0.00000, 0.04395, 0.00000, 0.99903)","(-0.06888, 0.08745, 0.00754, 0.99120)","(-0.08686, 0.14583, -0.05908, 0.98112)","(0.03735, 0.10317, -0.03722, 0.99071)","(-0.06190, 0.02616, 0.02053, 0.99499)","(-0.10244, 0.00511, 0.05375, 0.99072)","(0.03498, -0.00810, -0.03015, 0.99637)",
"(0.42754, 0.06182, -0.04948, 0.89749)","(0.36643, -0.07845, -0.06450, 0.92200)","(-0.15644, 0.05708, -0.01598, 0.98591)","(0.13596, 0.65101, -0.18043, 0.72011)","(-0.07416, 0.77171, -0.14723, 0.60778)","(0.45504, -0.69902, -0.24589, -0.48687)","(0.00000, 0.04395, 0.00000, 0.99903)","(0.15307, -0.70933, -0.24657, 0.63650)","(-0.13224, -0.76041, -0.26531, 0.57043)","(-0.36766, -0.64356, -0.51476, 0.42222)","(0.00000, 0.04395, 0.00000, 0.99903)","(-0.06885, 0.08742, 0.00762, 0.99120)","(-0.08686, 0.14553, -0.05911, 0.98116)","(0.03770, 0.10315, -0.03725, 0.99070)","(-0.06165, 0.02565, 0.02052, 0.99502)","(-0.10158, 0.00465, 0.05343, 0.99082)","(0.03516, -0.00813, -0.03013, 0.99636)",
"(0.42752, 0.06124, -0.04964, 0.89753)","(0.36658, -0.07832, -0.06398, 0.92198)","(-0.15920, 0.05539, -0.01806, 0.98553)","(0.13559, 0.65144, -0.17912, 0.72011)","(-0.07513, 0.77206, -0.14491, 0.60776)","(0.45498, -0.69911, -0.24714, -0.48618)","(0.00000, 0.04395, 0.00000, 0.99903)","(0.15211, -0.70894, -0.24740, 0.63684)","(-0.13174, -0.75985, -0.26529, 0.57131)","(-0.36794, -0.64326, -0.51411, 0.42322)","(0.00000, 0.04395, 0.00000, 0.99903)","(-0.06958, 0.08685, 0.00757, 0.99121)","(-0.08793, 0.14517, -0.05903, 0.98112)","(0.03772, 0.10330, -0.03730, 0.99068)","(-0.06125, 0.02603, 0.02038, 0.99504)","(-0.10186, 0.00471, 0.05375, 0.99078)","(0.03468, -0.00827, -0.03011, 0.99638)",
"(0.42763, 0.06115, -0.04971, 0.89748)","(0.36646, -0.07820, -0.06366, 0.92206)","(-0.15921, 0.05425, -0.01825, 0.98558)","(0.13616, 0.65127, -0.17940, 0.72009)","(-0.07424, 0.77205, -0.14561, 0.60772)","(0.45484, -0.69898, -0.24722, -0.48645)","(0.00000, 0.04395, 0.00000, 0.99903)","(0.15184, -0.70910, -0.24752, 0.63667)","(-0.13144, -0.75972, -0.26556, 0.57142)","(-0.36775, -0.64319, -0.51423, 0.42334)","(0.00000, 0.04395, 0.00000, 0.99903)","(-0.07020, 0.08710, 0.00815, 0.99113)","(-0.08823, 0.14571, -0.05907, 0.98101)","(0.03724, 0.10344, -0.03732, 0.99068)","(-0.06179, 0.02557, 0.02056, 0.99501)","(-0.10237, 0.00450, 0.05421, 0.99070)","(0.03441, -0.00838, -0.03009, 0.99639)",
"(0.42761, 0.06151, -0.04950, 0.89748)","(0.36621, -0.07830, -0.06365, 0.92216)","(-0.15857, 0.05752, -0.01524, 0.98555)","(0.13662, 0.65107, -0.17984, 0.72007)","(-0.07331, 0.77190, -0.14660, 0.60779)","(0.45416, -0.69915, -0.24655, -0.48719)","(0.00000, 0.04395, 0.00000, 0.99903)","(0.15289, -0.70930, -0.24654, 0.63658)","(-0.13088, -0.75968, -0.26589, 0.57146)","(-0.36751, -0.64292, -0.51420, 0.42399)","(0.00000, 0.04395, 0.00000, 0.99903)","(-0.07010, 0.08751, 0.00784, 0.99111)","(-0.08795, 0.14642, -0.05926, 0.98092)","(0.03690, 0.10365, -0.03732, 0.99067)","(-0.06206, 0.02516, 0.02091, 0.99500)","(-0.10244, 0.00395, 0.05429, 0.99069)","(0.03440, -0.00848, -0.03013, 0.99638)",
"(0.42751, 0.06166, -0.04958, 0.89751)","(0.36615, -0.07816, -0.06358, 0.92220)","(-0.15835, 0.05774, -0.01602, 0.98556)","(0.13557, 0.65123, -0.17909, 0.72031)","(-0.07433, 0.77193, -0.14554, 0.60788)","(0.45421, -0.69915, -0.24684, -0.48700)","(0.00000, 0.04395, 0.00000, 0.99903)","(0.15282, -0.70921, -0.24749, 0.63633)","(-0.13130, -0.75937, -0.26667, 0.57141)","(-0.36788, -0.64223, -0.51459, 0.42423)","(0.00000, 0.04395, 0.00000, 0.99903)","(-0.07002, 0.08787, 0.00794, 0.99108)","(-0.08793, 0.14681, -0.05902, 0.98088)","(0.03667, 0.10388, -0.03726, 0.99066)","(-0.06207, 0.02573, 0.02062, 0.99499)","(-0.10238, 0.00430, 0.05411, 0.99071)","(0.03435, -0.00856, -0.03017, 0.99638)",
"(0.42731, 0.06186, -0.04968, 0.89759)","(0.36557, -0.07718, -0.06301, 0.92255)","(-0.16228, 0.05577, -0.01606, 0.98504)","(0.13509, 0.65138, -0.17866, 0.72038)","(-0.07418, 0.77149, -0.14548, 0.60848)","(0.45272, -0.69920, -0.24668, -0.48839)","(0.00000, 0.04395, 0.00000, 0.99903)","(0.15180, -0.70944, -0.24831, 0.63599)","(-0.13089, -0.75969, -0.26667, 0.57108)","(-0.36808, -0.64196, -0.51521, 0.42372)","(0.00000, 0.04395, 0.00000, 0.99903)","(-0.07048, 0.08767, 0.00799, 0.99107)","(-0.08826, 0.14557, -0.05899, 0.98104)","(0.03599, 0.10419, -0.03713, 0.99066)","(-0.06253, 0.02650, 0.02074, 0.99494)","(-0.10283, 0.00473, 0.05454, 0.99063)","(0.03382, -0.00878, -0.03024, 0.99640)",
"(0.42696, 0.06213, -0.04973, 0.89773)","(0.36538, -0.07690, -0.06271, 0.92267)","(-0.16245, 0.05712, -0.01496, 0.98495)","(0.13527, 0.65140, -0.17903, 0.72023)","(-0.07383, 0.77115, -0.14554, 0.60894)","(0.45287, -0.69857, -0.24680, -0.48908)","(0.00000, 0.04395, 0.00000, 0.99903)","(0.15223, -0.70974, -0.24753, 0.63585)","(-0.13055, -0.76016, -0.26658, 0.57056)","(-0.36721, -0.64214, -0.51626, 0.42292)","(0.00000, 0.04395, 0.00000, 0.99903)","(-0.07062, 0.08726, 0.00828, 0.99109)","(-0.08824, 0.14516, -0.05875, 0.98111)","(0.03575, 0.10441, -0.03708, 0.99064)","(-0.06296, 0.02618, 0.02089, 0.99492)","(-0.10314, 0.00473, 0.05448, 0.99061)","(0.03363, -0.00892, -0.03031, 0.99640)",
"(0.42648, 0.06243, -0.04981, 0.89794)","(0.36470, -0.07678, -0.06280, 0.92294)","(-0.16215, 0.05858, -0.01207, 0.98495)","(0.13485, 0.65157, -0.17852, 0.72029)","(-0.07419, 0.77117, -0.14498, 0.60901)","(0.45392, -0.69803, -0.24682, -0.48885)","(0.00000, 0.04395, 0.00000, 0.99903)","(0.15288, -0.71019, -0.24684, 0.63546)","(-0.13066, -0.76035, -0.26669, 0.57023)","(-0.36735, -0.64194, -0.51640, 0.42293)","(0.00000, 0.04395, 0.00000, 0.99903)","(-0.07030, 0.08712, 0.00851, 0.99112)","(-0.08793, 0.14445, -0.05827, 0.98128)","(0.03552, 0.10467, -0.03704, 0.99063)","(-0.06297, 0.02628, 0.02086, 0.99491)","(-0.10294, 0.00520, 0.05401, 0.99065)","(0.03351, -0.00893, -0.03026, 0.99641)",
